date,version,count
2022-06-24T06:37:50.148Z,0.0.1,20
2022-06-25T02:10:26.318Z,0.0.1,20
2022-06-26T02:21:03.322Z,0.0.1,43
2022-06-27T02:07:17.207Z,0.0.1,43
2022-06-28T02:05:12.118Z,0.0.1,45
2022-06-29T02:13:04.295Z,0.0.1,48
2022-06-30T02:10:39.690Z,0.0.1,50
2022-07-01T02:26:13.773Z,0.0.1,53
2022-07-02T02:06:37.625Z,0.0.1,82
2022-07-03T02:12:42.136Z,0.0.1,75
2022-07-04T02:20:59.913Z,0.0.1,76
2022-07-05T02:10:57.532Z,0.0.1,76
2022-07-06T02:23:30.259Z,0.0.1,100
2022-07-07T02:23:21.737Z,0.0.1,144
2022-07-08T02:14:22.634Z,0.0.1,159
2022-07-09T02:01:28.933Z,0.0.1,150
2022-07-10T02:23:21.186Z,0.0.1,191
2022-07-11T02:12:41.781Z,0.0.1,191
2022-07-12T02:22:55.623Z,0.0.1,193
2022-07-13T02:10:17.131Z,0.0.1,213
2022-07-14T02:22:22.030Z,0.0.1,199
2022-07-15T02:29:28.199Z,0.0.1,207
2022-07-16T02:08:23.202Z,0.0.1,183
2022-07-17T02:19:31.452Z,0.0.1,142
2022-07-18T02:15:11.418Z,0.0.1,141
2022-07-19T02:26:18.442Z,0.0.1,141
2022-07-20T02:10:29.167Z,0.0.1,111
2022-07-21T02:12:40.558Z,0.0.1,124
2022-07-22T02:15:05.243Z,0.0.1,131
2022-07-23T02:15:25.802Z,0.0.1,132
2022-07-24T02:21:19.641Z,0.0.1,132
2022-07-25T02:12:44.598Z,0.0.1,115
2022-07-25T02:12:44.598Z,1.0.0,5
2022-07-26T02:26:19.007Z,1.0.0,6
2022-07-26T02:26:19.007Z,0.0.1,112
2022-07-27T02:22:43.532Z,0.0.1,110
2022-07-27T02:22:43.532Z,1.0.0,11
2022-07-28T02:09:50.965Z,0.0.1,89
2022-07-28T02:09:50.965Z,1.0.0,17
2022-07-28T02:09:50.965Z,1.0.1,42
2022-07-29T02:23:40.847Z,1.0.0,18
2022-07-29T02:23:40.847Z,0.0.1,63
2022-07-29T02:23:40.847Z,1.0.1,91
2022-07-30T02:11:45.163Z,0.0.1,48
2022-07-30T02:11:45.163Z,1.0.0,19
2022-07-30T02:11:45.163Z,1.0.1,262
2022-07-31T02:27:50.088Z,1.0.1,442
2022-07-31T02:27:50.088Z,1.0.0,16
2022-07-31T02:27:50.088Z,0.0.1,50
2022-08-01T02:24:50.217Z,0.0.1,50
2022-08-01T02:24:50.217Z,1.0.1,452
2022-08-01T02:24:50.217Z,1.0.0,17
2022-08-02T02:30:00.418Z,0.0.1,50
2022-08-02T02:30:00.418Z,1.0.1,452
2022-08-02T02:30:00.418Z,1.0.0,17
2022-08-03T02:12:48.544Z,1.0.0,14
2022-08-03T02:12:48.544Z,0.0.1,38
2022-08-03T02:12:48.544Z,1.0.1,576
2022-08-04T02:04:57.233Z,1.0.0,14
2022-08-04T02:04:57.233Z,0.0.1,38
2022-08-04T02:04:57.233Z,1.0.1,576
2022-08-05T02:07:10.398Z,1.0.0,9
2022-08-05T02:07:10.398Z,0.0.1,21
2022-08-05T02:07:10.398Z,1.0.1,755
2022-08-06T02:05:41.030Z,1.0.1,712
2022-08-06T02:05:41.030Z,0.0.1,20
2022-08-06T02:05:41.030Z,1.0.0,11
2022-08-07T02:17:46.909Z,1.0.1,664
2022-08-07T02:17:46.909Z,0.0.1,18
2022-08-07T02:17:46.909Z,1.0.0,9
2022-08-08T02:04:43.065Z,1.0.1,687
2022-08-08T02:04:43.065Z,0.0.1,19
2022-08-08T02:04:43.065Z,1.0.0,10
2022-08-09T02:18:47.483Z,1.0.1,687
2022-08-09T02:18:47.483Z,1.0.0,8
2022-08-09T02:18:47.483Z,0.0.1,19
2022-08-10T01:54:46.928Z,1.0.1,969
2022-08-10T01:54:46.928Z,1.0.0,10
2022-08-10T01:54:46.928Z,0.0.1,21
2022-08-11T01:58:23.026Z,1.0.0,11
2022-08-11T01:58:23.026Z,1.0.1,1183
2022-08-11T01:58:23.026Z,0.0.1,16
2022-08-12T02:05:35.719Z,1.0.1,1391
2022-08-12T02:05:35.719Z,1.0.0,9
2022-08-12T02:05:35.719Z,0.0.1,7
2022-08-13T01:57:56.419Z,0.0.1,7
2022-08-13T01:57:56.419Z,1.0.0,6
2022-08-13T01:57:56.419Z,1.0.1,1382
2022-08-14T02:21:33.293Z,0.0.1,7
2022-08-14T02:21:33.293Z,1.0.1,1678
2022-08-14T02:21:33.293Z,1.0.0,6
2022-08-15T02:21:46.879Z,1.0.1,1769
2022-08-15T02:21:46.879Z,1.0.0,7
2022-08-15T02:21:46.879Z,0.0.1,7
2022-08-16T02:18:01.932Z,1.0.1,1769
2022-08-16T02:18:01.932Z,1.0.0,7
2022-08-16T02:18:01.932Z,0.0.1,7
2022-08-17T02:28:14.466Z,1.0.0,5
2022-08-17T02:28:14.466Z,1.0.1,1554
2022-08-17T02:28:14.466Z,0.0.1,5
2022-08-18T02:30:41.192Z,0.0.1,10
2022-08-18T02:30:41.192Z,1.0.0,14
2022-08-18T02:30:41.192Z,1.0.1,1427
2022-08-19T02:22:56.469Z,1.0.1,1290
2022-08-19T02:22:56.469Z,1.0.0,14
2022-08-19T02:22:56.469Z,0.0.1,10
2022-08-20T02:20:21.076Z,1.0.1,1553
2022-08-20T02:20:21.076Z,0.0.1,9
2022-08-20T02:20:21.076Z,1.0.0,15
2022-08-21T02:19:11.369Z,1.0.1,1417
2022-08-21T02:19:11.369Z,0.0.1,12
2022-08-21T02:19:11.369Z,1.0.0,14
2022-08-22T02:17:41.194Z,1.0.1,1417
2022-08-22T02:17:41.194Z,0.0.1,12
2022-08-22T02:17:41.194Z,1.0.0,14
2022-08-23T02:26:03.255Z,1.0.1,1323
2022-08-23T02:26:03.255Z,1.0.0,13
2022-08-23T02:26:03.255Z,0.0.1,12
2022-08-24T02:24:15.566Z,1.0.1,1368
2022-08-24T02:24:15.566Z,1.0.0,14
2022-08-24T02:24:15.566Z,0.0.1,17
2022-08-25T02:27:57.222Z,1.0.1,1254
2022-08-25T02:27:57.222Z,0.0.1,13
2022-08-25T02:27:57.222Z,1.0.0,8
2022-08-26T02:35:01.139Z,0.0.1,15
2022-08-26T02:35:01.139Z,1.0.0,8
2022-08-26T02:35:01.139Z,1.0.1,1250
2022-08-27T02:28:15.453Z,1.0.0,9
2022-08-27T02:28:15.453Z,1.0.1,1110
2022-08-27T02:28:15.453Z,0.0.1,17
2022-08-28T02:35:45.985Z,1.0.0,10
2022-08-28T02:35:45.985Z,1.0.1,1049
2022-08-28T02:35:45.985Z,0.0.1,13
2022-08-29T02:33:34.284Z,0.0.1,13
2022-08-29T02:33:34.284Z,1.0.1,1046
2022-08-29T02:33:34.284Z,1.0.0,10
2022-08-30T02:39:12.925Z,0.0.1,13
2022-08-30T02:39:12.925Z,1.0.1,1046
2022-08-30T02:39:12.925Z,1.0.0,10
2022-08-31T02:45:04.847Z,1.0.1,876
2022-08-31T02:45:04.847Z,0.0.1,6
2022-08-31T02:45:04.847Z,1.0.0,11
2022-09-01T02:25:46.730Z,1.0.1,891
2022-09-01T02:25:46.730Z,0.0.1,8
2022-09-01T02:25:46.730Z,1.0.0,9
2022-09-02T02:30:43.814Z,1.0.0,9
2022-09-02T02:30:43.814Z,0.0.1,6
2022-09-02T02:30:43.814Z,1.0.1,806
2022-09-03T02:33:54.067Z,1.0.0,8
2022-09-03T02:33:54.067Z,0.0.1,5
2022-09-03T02:33:54.067Z,1.0.1,633
2022-09-04T02:28:40.986Z,0.0.1,5
2022-09-04T02:28:40.986Z,1.0.1,422
2022-09-04T02:28:40.986Z,1.0.0,7
2022-09-05T02:31:55.260Z,1.0.0,7
2022-09-05T02:31:55.260Z,0.0.1,5
2022-09-05T02:31:55.260Z,1.0.1,419
2022-09-06T02:38:09.243Z,1.0.0,7
2022-09-06T02:38:09.243Z,0.0.1,5
2022-09-06T02:38:09.243Z,1.0.1,419
2022-09-07T02:38:18.911Z,1.0.0,3
2022-09-07T02:38:18.911Z,0.0.1,4
2022-09-07T02:38:18.911Z,1.0.1,454
2022-09-08T02:35:57.693Z,0.0.1,2
2022-09-08T02:35:57.693Z,1.0.1,500
2022-09-08T02:35:57.693Z,1.0.0,1
2022-09-09T06:12:42.331Z,1.0.0,4
2022-09-09T06:12:42.331Z,0.0.1,3
2022-09-09T06:12:42.331Z,1.0.1,668
2022-09-10T02:36:41.006Z,1.0.0,4
2022-09-10T02:36:41.006Z,0.0.1,3
2022-09-10T02:36:41.006Z,1.0.1,668
2022-09-11T02:37:51.591Z,1.0.0,9
2022-09-11T02:37:51.591Z,0.0.1,9
2022-09-11T02:37:51.591Z,1.0.1,855
2022-09-12T02:41:36.764Z,1.0.1,875
2022-09-12T02:41:36.764Z,1.0.0,9
2022-09-12T02:41:36.764Z,0.0.1,9
2022-09-13T02:37:15.052Z,1.0.1,875
2022-09-13T02:37:15.052Z,1.0.0,9
2022-09-13T02:37:15.052Z,0.0.1,9
2022-09-14T02:34:53.763Z,1.0.1,906
2022-09-14T02:34:53.763Z,0.0.1,22
2022-09-14T02:34:53.763Z,1.0.0,10
2022-09-15T02:44:22.407Z,1.0.0,11
2022-09-15T02:44:22.407Z,1.0.1,1029
2022-09-15T02:44:22.407Z,0.0.1,22
2022-09-16T02:43:48.293Z,1.0.0,10
2022-09-16T02:43:48.293Z,0.0.1,22
2022-09-16T02:43:48.293Z,1.0.1,1408
2022-09-17T02:29:37.659Z,0.0.1,23
2022-09-17T02:29:37.659Z,1.0.0,8
2022-09-17T02:29:37.659Z,1.0.1,2365
2022-09-18T02:49:48.288Z,0.0.1,21
2022-09-18T02:49:48.288Z,1.0.1,2744
2022-09-18T02:49:48.288Z,1.0.0,3
2022-09-19T02:42:17.992Z,1.0.0,5
2022-09-19T02:42:17.992Z,1.0.1,2925
2022-09-19T02:42:17.992Z,0.0.1,23
2022-09-20T02:32:27.052Z,1.0.0,5
2022-09-20T02:32:27.052Z,1.0.1,2925
2022-09-20T02:32:27.052Z,0.0.1,23
2022-09-21T02:44:33.182Z,0.0.1,14
2022-09-21T02:44:33.182Z,1.0.0,7
2022-09-21T02:44:33.182Z,1.0.1,3220
2022-09-21T02:44:33.182Z,1.1.0,45
2022-09-22T02:31:03.842Z,0.0.1,20
2022-09-22T02:31:03.842Z,1.0.1,3703
2022-09-22T02:31:03.842Z,1.0.0,7
2022-09-22T02:31:03.842Z,1.1.0,95
2022-09-23T02:38:53.106Z,0.0.1,19
2022-09-23T02:38:53.106Z,1.1.0,139
2022-09-23T02:38:53.106Z,1.0.0,7
2022-09-23T02:38:53.106Z,1.0.1,4237
2022-09-24T02:40:30.021Z,1.0.0,7
2022-09-24T02:40:30.021Z,0.0.1,17
2022-09-24T02:40:30.021Z,1.0.1,3856
2022-09-24T02:40:30.021Z,1.1.0,448
2022-09-26T02:40:48.737Z,0.0.1,13
2022-09-26T02:40:48.737Z,1.1.0,580
2022-09-26T02:40:48.737Z,1.0.0,7
2022-09-26T02:40:48.737Z,1.0.1,4140
2022-09-27T02:29:41.193Z,0.0.1,13
2022-09-27T02:29:41.193Z,1.1.0,580
2022-09-27T02:29:41.193Z,1.0.0,7
2022-09-27T02:29:41.193Z,1.0.1,4140
2022-09-28T02:33:17.128Z,1.1.0,656
2022-09-28T02:33:17.128Z,1.0.0,4
2022-09-28T02:33:17.128Z,0.0.1,9
2022-09-28T02:33:17.128Z,1.0.1,4731
2022-09-29T02:39:31.715Z,1.1.0,705
2022-09-29T02:39:31.715Z,1.0.1,4333
2022-09-29T02:39:31.715Z,0.0.1,2
2022-09-29T02:39:31.715Z,1.0.0,6
2022-09-30T02:54:18.833Z,1.0.1,4243
2022-09-30T02:54:18.833Z,0.0.1,2
2022-09-30T02:54:18.833Z,1.1.0,767
2022-09-30T02:54:18.833Z,1.0.0,7
2022-10-01T02:51:01.322Z,1.1.0,520
2022-10-01T02:51:01.322Z,0.0.1,3
2022-10-01T02:51:01.322Z,1.0.0,7
2022-10-01T02:51:01.322Z,1.0.1,3952
2022-10-02T02:43:59.693Z,0.0.1,2
2022-10-02T02:43:59.693Z,1.0.1,3279
2022-10-02T02:43:59.693Z,1.1.0,533
2022-10-02T02:43:59.693Z,1.0.0,6
2022-10-03T02:08:31.436Z,0.0.1,2
2022-10-03T02:08:31.436Z,1.0.1,3279
2022-10-03T02:08:31.436Z,1.1.0,533
2022-10-03T02:08:31.436Z,1.0.0,6
2022-10-04T02:21:10.829Z,1.0.1,3260
2022-10-04T02:21:10.829Z,1.1.0,537
2022-10-04T02:21:10.829Z,0.0.1,1
2022-10-04T02:21:10.829Z,1.0.0,5
2022-10-05T02:21:40.728Z,1.0.1,2502
2022-10-05T02:21:40.728Z,1.1.0,521
2022-10-05T02:21:40.728Z,0.0.1,1
2022-10-05T02:21:40.728Z,1.0.0,5
2022-10-06T02:14:26.183Z,1.1.0,524
2022-10-06T02:14:26.183Z,1.0.1,2667
2022-10-06T02:14:26.183Z,0.0.1,1
2022-10-06T02:14:26.183Z,1.0.0,2
2022-10-07T02:29:42.401Z,1.0.1,2972
2022-10-07T02:29:42.401Z,1.0.0,2
2022-10-07T02:29:42.401Z,1.1.0,504
2022-10-07T02:29:42.401Z,0.0.1,1
2022-10-08T02:07:33.336Z,1.1.0,517
2022-10-08T02:07:33.336Z,1.0.1,3563
2022-10-08T02:07:33.336Z,1.0.0,1
2022-10-09T02:32:54.419Z,1.0.1,3763
2022-10-09T02:32:54.419Z,1.0.0,1
2022-10-09T02:32:54.419Z,1.1.0,651
2022-10-10T02:33:49.400Z,1.1.0,654
2022-10-10T02:33:49.400Z,1.0.0,1
2022-10-10T02:33:49.400Z,1.0.1,3763
2022-10-11T02:29:18.078Z,1.1.0,654
2022-10-11T02:29:18.078Z,1.0.0,1
2022-10-11T02:29:18.078Z,1.0.1,3763
2022-10-12T02:40:36.038Z,1.0.1,3660
2022-10-12T02:40:36.038Z,1.1.0,647
2022-10-12T02:40:36.038Z,0.0.1,1
2022-10-12T02:40:36.038Z,1.0.0,1
2022-10-13T02:34:00.822Z,1.0.1,3982
2022-10-13T02:34:00.822Z,1.1.0,664
2022-10-13T02:34:00.822Z,1.2.0,56
2022-10-13T02:34:00.822Z,1.0.0,2
2022-10-13T02:34:00.822Z,0.0.1,3
2022-10-14T02:45:13.006Z,1.2.0,77
2022-10-14T02:45:13.006Z,1.0.1,4539
2022-10-14T02:45:13.006Z,1.1.0,763
2022-10-14T02:45:13.006Z,1.0.0,1
2022-10-14T02:45:13.006Z,0.0.1,3
2022-10-15T02:40:09.397Z,1.0.1,4702
2022-10-15T02:40:09.397Z,1.1.0,1003
2022-10-15T02:40:09.397Z,1.2.0,102
2022-10-15T02:40:09.397Z,0.0.1,3
2022-10-15T02:40:09.397Z,1.0.0,1
2022-10-16T02:45:57.165Z,1.0.1,5123
2022-10-16T02:45:57.165Z,0.0.1,7
2022-10-16T02:45:57.165Z,1.1.0,1038
2022-10-16T02:45:57.165Z,1.0.0,3
2022-10-16T02:45:57.165Z,1.2.0,129
2022-10-17T02:48:07.306Z,1.0.1,5164
2022-10-17T02:48:07.306Z,1.1.0,1058
2022-10-17T02:48:07.306Z,1.0.0,3
2022-10-17T02:48:07.306Z,1.2.0,131
2022-10-17T02:48:07.306Z,0.0.1,7
2022-10-18T02:39:03.387Z,1.0.1,5164
2022-10-18T02:39:03.387Z,1.1.0,1058
2022-10-18T02:39:03.387Z,1.0.0,3
2022-10-18T02:39:03.387Z,1.2.0,131
2022-10-18T02:39:03.387Z,0.0.1,7
2022-10-19T02:34:45.340Z,1.2.0,268
2022-10-19T02:34:45.340Z,1.0.1,5997
2022-10-19T02:34:45.340Z,1.1.0,1191
2022-10-19T02:34:45.340Z,1.0.0,10
2022-10-19T02:34:45.340Z,0.0.1,6
2022-10-20T02:36:43.448Z,1.0.1,5911
2022-10-20T02:36:43.448Z,1.1.0,1290
2022-10-20T02:36:43.448Z,1.2.0,433
2022-10-20T02:36:43.448Z,0.0.1,8
2022-10-20T02:36:43.448Z,1.0.0,10
2022-10-21T02:06:53.903Z,1.0.0,10
2022-10-21T02:06:53.903Z,1.1.0,1180
2022-10-21T02:06:53.903Z,1.0.1,5014
2022-10-21T02:06:53.903Z,1.2.0,687
2022-10-21T02:06:53.903Z,0.0.1,8
2022-10-22T02:25:20.153Z,1.0.1,4320
2022-10-22T02:25:20.153Z,1.2.0,1016
2022-10-22T02:25:20.153Z,0.0.1,11
2022-10-22T02:25:20.153Z,1.0.0,10
2022-10-22T02:25:20.153Z,1.3.0,80
2022-10-22T02:25:20.153Z,1.1.0,914
2022-10-23T02:35:54.924Z,1.0.1,4031
2022-10-23T02:35:54.924Z,1.2.0,1192
2022-10-23T02:35:54.924Z,1.1.0,696
2022-10-23T02:35:54.924Z,0.0.1,8
2022-10-23T02:35:54.924Z,1.3.0,328
2022-10-23T02:35:54.924Z,1.0.0,9
2022-10-24T02:48:16.835Z,1.3.0,355
2022-10-24T02:48:16.835Z,1.2.0,1199
2022-10-24T02:48:16.835Z,1.1.0,662
2022-10-24T02:48:16.835Z,1.0.1,4050
2022-10-24T02:48:16.835Z,0.0.1,10
2022-10-24T02:48:16.835Z,1.0.0,11
2022-10-24T02:48:16.835Z,1.1.1,31
2022-10-24T02:48:16.835Z,1.3.1,110
2022-10-24T02:48:16.835Z,1.2.1,29
2022-10-24T02:48:16.835Z,1.0.2,31
2022-10-25T02:42:22.489Z,1.3.0,355
2022-10-25T02:42:22.489Z,1.2.0,1199
2022-10-25T02:42:22.489Z,1.1.0,662
2022-10-25T02:42:22.489Z,1.0.1,4050
2022-10-25T02:42:22.489Z,0.0.1,10
2022-10-25T02:42:22.489Z,1.0.0,11
2022-10-25T02:42:22.489Z,1.1.1,31
2022-10-25T02:42:22.489Z,1.3.1,110
2022-10-25T02:42:22.489Z,1.2.1,29
2022-10-25T02:42:22.489Z,1.0.2,31
2022-10-26T02:20:05.397Z,1.3.1,185
2022-10-26T02:20:05.397Z,1.0.2,39
2022-10-26T02:20:05.397Z,1.0.0,4
2022-10-26T02:20:05.397Z,1.0.1,3517
2022-10-26T02:20:05.397Z,1.2.0,1377
2022-10-26T02:20:05.397Z,1.2.1,37
2022-10-26T02:20:05.397Z,1.1.1,39
2022-10-26T02:20:05.397Z,1.1.0,514
2022-10-26T02:20:05.397Z,0.0.1,10
2022-10-26T02:20:05.397Z,1.3.0,374
2022-10-27T02:11:56.837Z,1.0.2,44
2022-10-27T02:11:56.837Z,0.0.1,8
2022-10-27T02:11:56.837Z,1.1.0,315
2022-10-27T02:11:56.837Z,1.0.0,5
2022-10-27T02:11:56.837Z,1.0.1,3861
2022-10-27T02:11:56.837Z,1.2.0,1485
2022-10-27T02:11:56.837Z,1.3.0,392
2022-10-27T02:11:56.837Z,1.2.1,42
2022-10-27T02:11:56.837Z,1.3.1,245
2022-10-27T02:11:56.837Z,1.1.1,44
2022-10-28T02:25:39.544Z,1.2.1,48
2022-10-28T02:25:39.544Z,1.0.2,50
2022-10-28T02:25:39.544Z,1.0.0,8
2022-10-28T02:25:39.544Z,0.0.1,10
2022-10-28T02:25:39.544Z,1.1.0,324
2022-10-28T02:25:39.544Z,1.3.0,467
2022-10-28T02:25:39.544Z,1.2.0,1506
2022-10-28T02:25:39.544Z,1.1.1,50
2022-10-28T02:25:39.544Z,1.0.1,3899
2022-10-28T02:25:39.544Z,1.3.1,664
2022-10-29T02:06:30.660Z,1.1.0,383
2022-10-29T02:06:30.660Z,0.0.1,7
2022-10-29T02:06:30.660Z,1.0.1,3553
2022-10-29T02:06:30.660Z,1.0.2,50
2022-10-29T02:06:30.660Z,1.2.0,1300
2022-10-29T02:06:30.660Z,1.3.0,404
2022-10-29T02:06:30.660Z,1.1.1,50
2022-10-29T02:06:30.660Z,1.0.0,12
2022-10-29T02:06:30.660Z,1.3.1,1548
2022-10-29T02:06:30.660Z,1.2.1,48
2022-10-30T02:30:40.163Z,1.3.1,2282
2022-10-30T02:30:40.163Z,1.2.1,49
2022-10-30T02:30:40.163Z,1.2.0,1145
2022-10-30T02:30:40.163Z,1.1.0,397
2022-10-30T02:30:40.163Z,0.0.1,6
2022-10-30T02:30:40.163Z,1.0.0,21
2022-10-30T02:30:40.163Z,1.0.2,51
2022-10-30T02:30:40.163Z,1.1.1,51
2022-10-30T02:30:40.163Z,1.3.0,164
2022-10-30T02:30:40.163Z,1.0.1,3276
2022-10-31T02:28:44.908Z,1.1.1,21
2022-10-31T02:28:44.908Z,1.0.2,21
2022-10-31T02:28:44.908Z,1.1.0,419
2022-10-31T02:28:44.908Z,1.0.0,19
2022-10-31T02:28:44.908Z,1.3.1,2184
2022-10-31T02:28:44.908Z,1.3.0,137
2022-10-31T02:28:44.908Z,0.0.1,4
2022-10-31T02:28:44.908Z,1.2.1,21
2022-10-31T02:28:44.908Z,1.2.0,1145
2022-10-31T02:28:44.908Z,1.0.1,3240
2022-11-01T02:35:04.841Z,1.1.1,21
2022-11-01T02:35:04.841Z,1.0.2,21
2022-11-01T02:35:04.841Z,1.1.0,419
2022-11-01T02:35:04.841Z,1.0.0,19
2022-11-01T02:35:04.841Z,1.3.1,2184
2022-11-01T02:35:04.841Z,1.3.0,137
2022-11-01T02:35:04.841Z,0.0.1,4
2022-11-01T02:35:04.841Z,1.2.1,21
2022-11-01T02:35:04.841Z,1.2.0,1145
2022-11-01T02:35:04.841Z,1.0.1,3240
2022-11-02T02:25:02.553Z,1.2.1,13
2022-11-02T02:25:02.553Z,1.3.1,3334
2022-11-02T02:25:02.553Z,1.3.0,171
2022-11-02T02:25:02.553Z,1.0.2,13
2022-11-02T02:25:02.553Z,0.0.1,5
2022-11-02T02:25:02.553Z,1.1.0,425
2022-11-02T02:25:02.553Z,1.0.0,27
2022-11-02T02:25:02.553Z,1.2.0,894
2022-11-02T02:25:02.553Z,1.1.1,13
2022-11-02T02:25:02.553Z,1.0.1,2961
2022-11-03T02:06:57.421Z,1.3.1,3874
2022-11-03T02:06:57.421Z,1.3.0,165
2022-11-03T02:06:57.421Z,1.2.1,8
2022-11-03T02:06:57.421Z,1.0.2,8
2022-11-03T02:06:57.421Z,0.0.1,3
2022-11-03T02:06:57.421Z,1.1.0,548
2022-11-03T02:06:57.421Z,1.1.1,8
2022-11-03T02:06:57.421Z,1.2.0,626
2022-11-03T02:06:57.421Z,1.0.1,2003
2022-11-03T02:06:57.421Z,1.0.0,25
2022-11-04T02:13:20.768Z,1.0.0,23
2022-11-04T02:13:20.768Z,1.3.0,92
2022-11-04T02:13:20.768Z,1.2.0,451
2022-11-04T02:13:20.768Z,1.2.1,2
2022-11-04T02:13:20.768Z,1.0.1,1218
2022-11-04T02:13:20.768Z,1.3.1,4754
2022-11-04T02:13:20.768Z,0.0.1,3
2022-11-04T02:13:20.768Z,1.1.0,571
2022-11-04T02:13:20.768Z,1.1.1,2
2022-11-04T02:13:20.768Z,1.0.2,2
2022-11-05T02:04:44.586Z,1.0.0,19
2022-11-05T02:04:44.586Z,1.2.1,4
2022-11-05T02:04:44.586Z,1.1.1,4
2022-11-05T02:04:44.586Z,1.2.0,364
2022-11-05T02:04:44.586Z,1.1.0,533
2022-11-05T02:04:44.586Z,1.3.1,4788
2022-11-05T02:04:44.586Z,1.0.2,3
2022-11-05T02:04:44.586Z,1.3.0,75
2022-11-05T02:04:44.586Z,1.0.1,1156
2022-11-05T02:04:44.586Z,0.0.1,3
2022-11-06T02:08:35.638Z,1.0.2,3
2022-11-06T02:08:35.638Z,1.1.1,4
2022-11-06T02:08:35.638Z,1.0.1,863
2022-11-06T02:08:35.638Z,0.0.1,4
2022-11-06T02:08:35.638Z,1.0.0,9
2022-11-06T02:08:35.638Z,1.1.0,505
2022-11-06T02:08:35.638Z,1.3.0,68
2022-11-06T02:08:35.638Z,1.3.1,4696
2022-11-06T02:08:35.638Z,1.2.0,363
2022-11-06T02:08:35.638Z,1.2.1,4
2022-11-07T02:02:51.479Z,1.2.0,367
2022-11-07T02:02:51.479Z,1.3.1,4697
2022-11-07T02:02:51.479Z,1.1.0,478
2022-11-07T02:02:51.479Z,1.0.1,864
2022-11-07T02:02:51.479Z,1.3.0,68
2022-11-07T02:02:51.479Z,1.2.1,4
2022-11-07T02:02:51.479Z,1.1.1,4
2022-11-07T02:02:51.479Z,1.0.2,3
2022-11-07T02:02:51.479Z,0.0.1,4
2022-11-07T02:02:51.479Z,1.0.0,9
2022-11-08T02:02:21.981Z,1.2.1,7
2022-11-08T02:02:21.981Z,1.0.3,29
2022-11-08T02:02:21.981Z,1.0.2,4
2022-11-08T02:02:21.981Z,1.2.0,358
2022-11-08T02:02:21.981Z,1.1.0,450
2022-11-08T02:02:21.981Z,1.0.1,836
2022-11-08T02:02:21.981Z,1.1.1,5
2022-11-08T02:02:21.981Z,1.0.0,9
2022-11-08T02:02:21.981Z,0.0.1,4
2022-11-08T02:02:21.981Z,1.3.1,4760
2022-11-08T02:02:21.981Z,1.3.0,68
2022-11-08T02:02:21.981Z,1.1.2,31
2022-11-08T02:02:21.981Z,1.2.2,31
2022-11-08T02:02:21.981Z,1.3.2,33
2022-11-09T02:13:49.110Z,1.2.1,7
2022-11-09T02:13:49.110Z,1.2.0,440
2022-11-09T02:13:49.110Z,1.1.2,41
2022-11-09T02:13:49.110Z,1.1.0,370
2022-11-09T02:13:49.110Z,1.0.1,796
2022-11-09T02:13:49.110Z,1.2.2,41
2022-11-09T02:13:49.110Z,1.3.1,4460
2022-11-09T02:13:49.110Z,1.0.0,2
2022-11-09T02:13:49.110Z,0.0.1,3
2022-11-09T02:13:49.110Z,1.0.2,4
2022-11-09T02:13:49.110Z,1.0.3,39
2022-11-09T02:13:49.110Z,1.3.0,15
2022-11-09T02:13:49.110Z,1.1.1,5
2022-11-09T02:13:49.110Z,1.3.2,68
2022-11-10T02:06:00.489Z,1.2.0,591
2022-11-10T02:06:00.489Z,1.1.0,321
2022-11-10T02:06:00.489Z,1.0.1,886
2022-11-10T02:06:00.489Z,1.1.1,7
2022-11-10T02:06:00.489Z,1.1.2,43
2022-11-10T02:06:00.489Z,1.3.1,4395
2022-11-10T02:06:00.489Z,1.2.2,43
2022-11-10T02:06:00.489Z,1.0.3,40
2022-11-10T02:06:00.489Z,1.0.2,6
2022-11-10T02:06:00.489Z,0.0.1,4
2022-11-10T02:06:00.489Z,1.2.1,9
2022-11-10T02:06:00.489Z,1.3.2,81
2022-11-10T02:06:00.489Z,1.0.0,5
2022-11-10T02:06:00.489Z,1.3.0,5
2022-11-10T02:06:00.489Z,1.4.0,209
2022-11-11T02:06:02.608Z,1.0.2,6
2022-11-11T02:06:02.608Z,1.0.3,43
2022-11-11T02:06:02.608Z,1.1.1,7
2022-11-11T02:06:02.608Z,1.4.0,1640
2022-11-11T02:06:02.608Z,1.2.1,9
2022-11-11T02:06:02.608Z,1.2.2,45
2022-11-11T02:06:02.608Z,1.3.0,3
2022-11-11T02:06:02.608Z,1.0.1,999
2022-11-11T02:06:02.608Z,0.0.1,4
2022-11-11T02:06:02.608Z,1.1.0,252
2022-11-11T02:06:02.608Z,1.2.0,515
2022-11-11T02:06:02.608Z,1.3.1,3401
2022-11-11T02:06:02.608Z,1.0.0,6
2022-11-11T02:06:02.608Z,1.3.2,94
2022-11-11T02:06:02.608Z,1.1.2,45
2022-11-12T02:01:20.835Z,1.3.2,97
2022-11-12T02:01:20.835Z,1.4.0,1917
2022-11-12T02:01:20.835Z,1.0.3,45
2022-11-12T02:01:20.835Z,1.3.1,2601
2022-11-12T02:01:20.835Z,1.2.2,47
2022-11-12T02:01:20.835Z,1.2.0,454
2022-11-12T02:01:20.835Z,1.1.2,47
2022-11-12T02:01:20.835Z,1.1.0,254
2022-11-12T02:01:20.835Z,0.0.1,7
2022-11-12T02:01:20.835Z,1.0.1,1050
2022-11-12T02:01:20.835Z,1.0.0,6
2022-11-12T02:01:20.835Z,1.0.2,5
2022-11-12T02:01:20.835Z,1.2.1,7
2022-11-12T02:01:20.835Z,1.1.1,5
2022-11-12T02:01:20.835Z,1.3.0,3
2022-11-13T02:01:14.717Z,1.0.3,47
2022-11-13T02:01:14.717Z,1.2.2,49
2022-11-13T02:01:14.717Z,1.0.1,999
2022-11-13T02:01:14.717Z,0.0.1,7
2022-11-13T02:01:14.717Z,1.3.1,2279
2022-11-13T02:01:14.717Z,1.2.1,8
2022-11-13T02:01:14.717Z,1.4.0,2167
2022-11-13T02:01:14.717Z,1.2.0,411
2022-11-13T02:01:14.717Z,1.3.2,99
2022-11-13T02:01:14.717Z,1.3.0,5
2022-11-13T02:01:14.717Z,1.0.0,7
2022-11-13T02:01:14.717Z,1.1.2,50
2022-11-13T02:01:14.717Z,1.1.0,281
2022-11-13T02:01:14.717Z,1.0.2,6
2022-11-13T02:01:14.717Z,1.1.1,6
2022-11-14T01:59:42.974Z,1.2.2,50
2022-11-14T01:59:42.974Z,1.3.2,100
2022-11-14T01:59:42.974Z,1.4.0,2272
2022-11-14T01:59:42.974Z,1.1.2,51
2022-11-14T01:59:42.974Z,1.0.1,1036
2022-11-14T01:59:42.974Z,1.3.1,2240
2022-11-14T01:59:42.974Z,0.0.1,7
2022-11-14T01:59:42.974Z,1.1.1,5
2022-11-14T01:59:42.974Z,1.3.0,4
2022-11-14T01:59:42.974Z,1.2.0,404
2022-11-14T01:59:42.974Z,1.0.3,48
2022-11-14T01:59:42.974Z,1.1.0,290
2022-11-14T01:59:42.974Z,1.0.0,7
2022-11-14T01:59:42.974Z,1.2.1,7
2022-11-14T01:59:42.974Z,1.0.2,5
2022-11-15T01:57:58.717Z,1.3.1,2166
2022-11-15T01:57:58.717Z,1.2.2,19
2022-11-15T01:57:58.717Z,1.0.3,20
2022-11-15T01:57:58.717Z,1.3.2,70
2022-11-15T01:57:58.717Z,1.2.1,3
2022-11-15T01:57:58.717Z,1.4.0,2305
2022-11-15T01:57:58.717Z,0.0.1,7
2022-11-15T01:57:58.717Z,1.1.0,314
2022-11-15T01:57:58.717Z,1.0.0,7
2022-11-15T01:57:58.717Z,1.0.1,1026
2022-11-15T01:57:58.717Z,1.2.0,404
2022-11-15T01:57:58.717Z,1.1.2,20
2022-11-15T01:57:58.717Z,1.0.2,3
2022-11-15T01:57:58.717Z,1.3.0,4
2022-11-15T01:57:58.717Z,1.1.1,3
2022-11-16T01:58:40.442Z,1.3.1,1288
2022-11-16T01:58:40.442Z,1.2.1,4
2022-11-16T01:58:40.442Z,1.4.0,2650
2022-11-16T01:58:40.442Z,1.0.3,10
2022-11-16T01:58:40.442Z,1.1.0,374
2022-11-16T01:58:40.442Z,1.0.0,6
2022-11-16T01:58:40.442Z,1.0.1,1087
2022-11-16T01:58:40.442Z,0.0.1,7
2022-11-16T01:58:40.442Z,1.2.2,9
2022-11-16T01:58:40.442Z,1.1.2,10
2022-11-16T01:58:40.442Z,1.2.0,258
2022-11-16T01:58:40.442Z,1.1.1,4
2022-11-16T01:58:40.442Z,1.3.2,36
2022-11-16T01:58:40.442Z,1.0.2,3
2022-11-16T01:58:40.442Z,1.3.0,4
2022-11-17T01:57:47.550Z,1.3.1,770
2022-11-17T01:57:47.550Z,0.0.1,6
2022-11-17T01:57:47.550Z,1.1.2,8
2022-11-17T01:57:47.550Z,1.3.2,23
2022-11-17T01:57:47.550Z,1.0.1,1125
2022-11-17T01:57:47.550Z,1.0.0,5
2022-11-17T01:57:47.550Z,1.0.3,9
2022-11-17T01:57:47.550Z,1.0.2,2
2022-11-17T01:57:47.550Z,1.2.0,47
2022-11-17T01:57:47.550Z,1.2.2,8
2022-11-17T01:57:47.550Z,1.3.0,2
2022-11-17T01:57:47.550Z,1.1.1,2
2022-11-17T01:57:47.550Z,1.4.0,2980
2022-11-17T01:57:47.550Z,1.1.0,341
2022-11-17T01:57:47.550Z,1.2.1,3
2022-11-18T02:01:48.108Z,1.4.0,2207
2022-11-18T02:01:48.108Z,1.3.1,637
2022-11-18T02:01:48.108Z,1.1.2,8
2022-11-18T02:01:48.108Z,1.3.2,11
2022-11-18T02:01:48.108Z,1.0.1,1072
2022-11-18T02:01:48.108Z,1.0.3,7
2022-11-18T02:01:48.108Z,1.2.2,7
2022-11-18T02:01:48.108Z,1.1.0,337
2022-11-18T02:01:48.108Z,1.1.1,3
2022-11-18T02:01:48.108Z,1.2.1,3
2022-11-18T02:01:48.108Z,1.0.0,3
2022-11-18T02:01:48.108Z,0.0.1,5
2022-11-18T02:01:48.108Z,1.2.0,2
2022-11-18T02:01:48.108Z,1.0.2,2
2022-11-18T02:01:48.108Z,1.3.0,2
2022-11-19T01:54:51.131Z,1.1.0,370
2022-11-19T01:54:51.131Z,1.3.1,542
2022-11-19T01:54:51.131Z,1.4.0,2755
2022-11-19T01:54:51.131Z,1.2.1,4
2022-11-19T01:54:51.131Z,1.0.0,3
2022-11-19T01:54:51.131Z,1.1.2,7
2022-11-19T01:54:51.131Z,1.0.1,1070
2022-11-19T01:54:51.131Z,1.2.2,5
2022-11-19T01:54:51.131Z,1.3.2,10
2022-11-19T01:54:51.131Z,1.3.0,2
2022-11-19T01:54:51.131Z,1.0.3,6
2022-11-19T01:54:51.131Z,0.0.1,2
2022-11-19T01:54:51.131Z,1.1.1,4
2022-11-19T01:54:51.131Z,1.2.0,2
2022-11-19T01:54:51.131Z,1.0.2,2
2022-11-20T02:02:34.039Z,1.2.2,4
2022-11-20T02:02:34.039Z,1.0.1,1239
2022-11-20T02:02:34.039Z,1.3.1,272
2022-11-20T02:02:34.039Z,1.2.1,3
2022-11-20T02:02:34.039Z,1.1.0,437
2022-11-20T02:02:34.039Z,1.4.0,3239
2022-11-20T02:02:34.039Z,0.0.1,1
2022-11-20T02:02:34.039Z,1.0.2,2
2022-11-20T02:02:34.039Z,1.3.2,8
2022-11-20T02:02:34.039Z,1.0.3,4
2022-11-20T02:02:34.039Z,1.2.0,1
2022-11-20T02:02:34.039Z,1.0.0,2
2022-11-20T02:02:34.039Z,1.1.1,3
2022-11-20T02:02:34.039Z,1.1.2,4
2022-11-21T01:58:59.423Z,1.1.0,427
2022-11-21T01:58:59.423Z,1.0.3,6
2022-11-21T01:58:59.423Z,1.3.1,274
2022-11-21T01:58:59.423Z,1.4.0,3166
2022-11-21T01:58:59.423Z,1.0.1,1227
2022-11-21T01:58:59.423Z,1.2.1,4
2022-11-21T01:58:59.423Z,0.0.1,1
2022-11-21T01:58:59.423Z,1.3.2,9
2022-11-21T01:58:59.423Z,1.1.2,5
2022-11-21T01:58:59.423Z,1.1.1,3
2022-11-21T01:58:59.423Z,1.2.2,4
2022-11-21T01:58:59.423Z,1.0.0,2
2022-11-21T01:58:59.423Z,1.2.0,1
2022-11-21T01:58:59.423Z,1.0.2,2
2022-11-22T02:00:20.559Z,1.2.2,4
2022-11-22T02:00:20.559Z,1.2.1,5
2022-11-22T02:00:20.559Z,1.0.1,1236
2022-11-22T02:00:20.559Z,1.1.2,6
2022-11-22T02:00:20.559Z,1.4.0,3174
2022-11-22T02:00:20.559Z,1.1.0,402
2022-11-22T02:00:20.559Z,1.0.2,2
2022-11-22T02:00:20.559Z,1.0.3,6
2022-11-22T02:00:20.559Z,1.3.2,6
2022-11-22T02:00:20.559Z,1.0.0,3
2022-11-22T02:00:20.559Z,1.3.1,273
2022-11-22T02:00:20.559Z,1.2.0,1
2022-11-22T02:00:20.559Z,0.0.1,1
2022-11-22T02:00:20.559Z,1.1.1,3
2022-11-23T01:47:51.123Z,1.0.1,1209
2022-11-23T01:47:51.123Z,0.0.1,1
2022-11-23T01:47:51.123Z,1.2.1,5
2022-11-23T01:47:51.123Z,1.0.2,3
2022-11-23T01:47:51.123Z,1.4.0,3755
2022-11-23T01:47:51.123Z,1.1.2,7
2022-11-23T01:47:51.123Z,1.1.0,399
2022-11-23T01:47:51.123Z,1.3.1,237
2022-11-23T01:47:51.123Z,1.1.1,3
2022-11-23T01:47:51.123Z,1.3.2,6
2022-11-23T01:47:51.123Z,1.2.2,5
2022-11-23T01:47:51.123Z,1.2.0,2
2022-11-23T01:47:51.123Z,1.0.3,7
2022-11-23T01:47:51.123Z,1.0.0,4
2022-11-23T01:47:51.123Z,1.3.0,1
2022-11-24T01:50:41.505Z,1.1.0,401
2022-11-24T01:50:41.505Z,1.2.1,4
2022-11-24T01:50:41.505Z,1.0.1,1145
2022-11-24T01:50:41.505Z,0.0.1,1
2022-11-24T01:50:41.505Z,1.3.1,238
2022-11-24T01:50:41.505Z,1.2.2,5
2022-11-24T01:50:41.505Z,1.0.3,7
2022-11-24T01:50:41.505Z,1.3.2,12
2022-11-24T01:50:41.505Z,1.1.2,7
2022-11-24T01:50:41.505Z,1.1.1,3
2022-11-24T01:50:41.505Z,1.2.0,1
2022-11-24T01:50:41.505Z,1.4.0,3662
2022-11-24T01:50:41.505Z,1.0.0,3
2022-11-24T01:50:41.505Z,1.0.2,2
2022-11-24T01:50:41.505Z,1.3.0,1
2022-11-25T01:47:29.630Z,1.2.2,4
2022-11-25T01:47:29.630Z,1.1.0,425
2022-11-25T01:47:29.630Z,1.0.1,1049
2022-11-25T01:47:29.630Z,1.3.1,83
2022-11-25T01:47:29.630Z,1.4.0,4279
2022-11-25T01:47:29.630Z,1.0.3,6
2022-11-25T01:47:29.630Z,1.3.2,11
2022-11-25T01:47:29.630Z,1.3.0,2
2022-11-25T01:47:29.630Z,1.1.2,5
2022-11-25T01:47:29.630Z,1.0.2,2
2022-11-25T01:47:29.630Z,1.2.1,4
2022-11-25T01:47:29.630Z,1.0.0,3
2022-11-25T01:47:29.630Z,0.0.1,1
2022-11-25T01:47:29.630Z,1.2.0,1
2022-11-25T01:47:29.630Z,1.1.1,3
2022-11-26T01:42:38.832Z,1.0.1,1001
2022-11-26T01:42:38.832Z,1.1.0,353
2022-11-26T01:42:38.832Z,1.3.1,70
2022-11-26T01:42:38.832Z,1.3.2,13
2022-11-26T01:42:38.832Z,1.4.0,4228
2022-11-26T01:42:38.832Z,1.2.1,4
2022-11-26T01:42:38.832Z,1.0.0,3
2022-11-26T01:42:38.832Z,1.1.2,4
2022-11-26T01:42:38.832Z,1.0.3,5
2022-11-26T01:42:38.832Z,1.0.2,3
2022-11-26T01:42:38.832Z,1.2.2,4
2022-11-26T01:42:38.832Z,0.0.1,1
2022-11-26T01:42:38.832Z,1.1.1,2
2022-11-26T01:42:38.832Z,1.2.0,1
2022-11-26T01:42:38.832Z,1.3.0,2
2022-11-27T01:52:51.205Z,1.3.1,62
2022-11-27T01:52:51.205Z,1.0.1,839
2022-11-27T01:52:51.205Z,1.0.0,3
2022-11-27T01:52:51.205Z,1.0.3,5
2022-11-27T01:52:51.205Z,1.1.0,251
2022-11-27T01:52:51.205Z,0.0.1,4
2022-11-27T01:52:51.205Z,1.2.1,5
2022-11-27T01:52:51.205Z,1.2.2,3
2022-11-27T01:52:51.205Z,1.1.2,4
2022-11-27T01:52:51.205Z,1.3.2,16
2022-11-27T01:52:51.205Z,1.4.0,4202
2022-11-27T01:52:51.205Z,1.3.0,2
2022-11-27T01:52:51.205Z,1.2.0,1
2022-11-27T01:52:51.205Z,1.0.2,2
2022-11-27T01:52:51.205Z,1.1.1,2
2022-11-28T01:45:43.166Z,1.3.1,58
2022-11-28T01:45:43.166Z,1.0.3,2
2022-11-28T01:45:43.166Z,1.1.0,251
2022-11-28T01:45:43.166Z,1.3.0,2
2022-11-28T01:45:43.166Z,1.4.0,4327
2022-11-28T01:45:43.166Z,1.2.1,4
2022-11-28T01:45:43.166Z,1.2.0,1
2022-11-28T01:45:43.166Z,1.2.2,2
2022-11-28T01:45:43.166Z,0.0.1,4
2022-11-28T01:45:43.166Z,1.0.0,3
2022-11-28T01:45:43.166Z,1.0.1,850
2022-11-28T01:45:43.166Z,1.3.2,14
2022-11-28T01:45:43.166Z,1.1.2,2
2022-11-28T01:45:43.166Z,1.0.2,2
2022-11-28T01:45:43.166Z,1.1.1,2
2022-11-29T01:45:23.463Z,1.3.1,58
2022-11-29T01:45:23.463Z,1.4.0,4357
2022-11-29T01:45:23.463Z,1.0.1,880
2022-11-29T01:45:23.463Z,1.1.0,288
2022-11-29T01:45:23.463Z,1.0.2,3
2022-11-29T01:45:23.463Z,1.1.1,2
2022-11-29T01:45:23.463Z,0.0.1,5
2022-11-29T01:45:23.463Z,1.2.1,4
2022-11-29T01:45:23.463Z,1.0.0,3
2022-11-29T01:45:23.463Z,1.2.2,2
2022-11-29T01:45:23.463Z,1.3.2,14
2022-11-29T01:45:23.463Z,1.0.3,1
2022-11-29T01:45:23.463Z,1.1.2,1
2022-11-29T01:45:23.463Z,1.3.0,2
2022-11-29T01:45:23.463Z,1.2.0,1
2022-11-30T01:46:37.392Z,1.2.2,1
2022-11-30T01:46:37.392Z,1.4.0,4288
2022-11-30T01:46:37.392Z,1.1.0,281
2022-11-30T01:46:37.392Z,1.0.2,2
2022-11-30T01:46:37.392Z,1.0.1,866
2022-11-30T01:46:37.392Z,0.0.1,5
2022-11-30T01:46:37.392Z,1.3.2,13
2022-11-30T01:46:37.392Z,1.0.0,2
2022-11-30T01:46:37.392Z,1.3.1,51
2022-11-30T01:46:37.392Z,1.2.1,3
2022-11-30T01:46:37.392Z,1.2.0,1
2022-11-30T01:46:37.392Z,1.1.1,2
2022-11-30T01:46:37.392Z,1.3.0,1
2022-12-01T01:59:18.736Z,1.1.0,251
2022-12-01T01:59:18.736Z,1.4.0,4532
2022-12-01T01:59:18.736Z,0.0.1,6
2022-12-01T01:59:18.736Z,1.0.1,848
2022-12-01T01:59:18.736Z,1.2.1,3
2022-12-01T01:59:18.736Z,1.3.1,50
2022-12-01T01:59:18.736Z,1.0.0,2
2022-12-01T01:59:18.736Z,1.0.2,4
2022-12-01T01:59:18.736Z,1.2.0,1
2022-12-01T01:59:18.736Z,1.3.2,7
2022-12-01T01:59:18.736Z,1.1.1,2
2022-12-01T01:59:18.736Z,1.3.0,1
2022-12-02T01:38:20.544Z,1.3.2,7
2022-12-02T01:38:20.544Z,1.1.1,1
2022-12-02T01:38:20.544Z,1.3.1,47
2022-12-02T01:38:20.544Z,0.0.1,6
2022-12-02T01:38:20.544Z,1.0.0,3
2022-12-02T01:38:20.544Z,1.4.0,4252
2022-12-02T01:38:20.544Z,1.0.2,4
2022-12-02T01:38:20.544Z,1.2.0,1
2022-12-02T01:38:20.544Z,1.1.0,237
2022-12-02T01:38:20.544Z,1.2.1,3
2022-12-02T01:38:20.544Z,1.0.1,937
2022-12-03T01:34:11.763Z,1.3.1,41
2022-12-03T01:34:11.763Z,1.1.1,1
2022-12-03T01:34:11.763Z,1.0.0,3
2022-12-03T01:34:11.763Z,1.3.2,3
2022-12-03T01:34:11.763Z,0.0.1,9
2022-12-03T01:34:11.763Z,1.1.0,243
2022-12-03T01:34:11.763Z,1.4.0,4653
2022-12-03T01:34:11.763Z,1.0.2,3
2022-12-03T01:34:11.763Z,1.0.1,899
2022-12-03T01:34:11.763Z,1.2.1,2
2022-12-03T01:34:11.763Z,1.2.0,1
2022-12-04T01:40:31.089Z,1.3.1,70
2022-12-04T01:40:31.089Z,1.0.1,928
2022-12-04T01:40:31.089Z,1.1.1,1
2022-12-04T01:40:31.089Z,1.1.0,240
2022-12-04T01:40:31.089Z,1.2.2,1
2022-12-04T01:40:31.089Z,1.4.0,4896
2022-12-04T01:40:31.089Z,1.0.2,3
2022-12-04T01:40:31.089Z,1.2.0,1
2022-12-04T01:40:31.089Z,1.2.1,1
2022-12-04T01:40:31.089Z,1.0.0,3
2022-12-04T01:40:31.089Z,0.0.1,6
2022-12-05T01:39:33.750Z,1.2.2,2
2022-12-05T01:39:33.750Z,1.2.0,1
2022-12-05T01:39:33.750Z,1.1.1,1
2022-12-05T01:39:33.750Z,1.1.0,239
2022-12-05T01:39:33.750Z,0.0.1,6
2022-12-05T01:39:33.750Z,1.0.1,929
2022-12-05T01:39:33.750Z,1.4.0,4778
2022-12-05T01:39:33.750Z,1.2.1,1
2022-12-05T01:39:33.750Z,1.0.0,3
2022-12-05T01:39:33.750Z,1.3.1,76
2022-12-05T01:39:33.750Z,1.0.2,3
2022-12-06T01:37:14.484Z,1.0.2,3
2022-12-06T01:37:14.484Z,1.4.0,4839
2022-12-06T01:37:14.484Z,1.2.1,1
2022-12-06T01:37:14.484Z,1.1.0,204
2022-12-06T01:37:14.484Z,1.0.1,932
2022-12-06T01:37:14.484Z,1.2.2,3
2022-12-06T01:37:14.484Z,1.3.1,77
2022-12-06T01:37:14.484Z,1.1.1,2
2022-12-06T01:37:14.484Z,1.0.3,1
2022-12-06T01:37:14.484Z,1.3.0,1
2022-12-06T01:37:14.484Z,1.3.2,1
2022-12-06T01:37:14.484Z,1.1.2,1
2022-12-06T01:37:14.484Z,0.0.1,6
2022-12-06T01:37:14.484Z,1.0.0,3
2022-12-06T01:37:14.484Z,1.2.0,2
2022-12-07T01:43:03.407Z,1.4.0,4495
2022-12-07T01:43:03.407Z,1.0.0,4
2022-12-07T01:43:03.407Z,1.3.1,77
2022-12-07T01:43:03.407Z,1.1.1,1
2022-12-07T01:43:03.407Z,1.3.2,3
2022-12-07T01:43:03.407Z,0.0.1,9
2022-12-07T01:43:03.407Z,1.1.0,269
2022-12-07T01:43:03.407Z,1.0.1,874
2022-12-07T01:43:03.407Z,1.2.2,3
2022-12-07T01:43:03.407Z,1.1.2,2
2022-12-07T01:43:03.407Z,1.2.0,1
2022-12-07T01:43:03.407Z,1.3.0,1
2022-12-07T01:43:03.407Z,1.0.2,3
2022-12-07T01:43:03.407Z,1.0.3,1
2022-12-07T01:43:03.407Z,1.2.1,1
2022-12-08T01:39:06.518Z,1.2.1,1
2022-12-08T01:39:06.518Z,1.0.2,1
2022-12-08T01:39:06.518Z,1.3.1,72
2022-12-08T01:39:06.518Z,1.0.1,855
2022-12-08T01:39:06.518Z,1.4.0,4382
2022-12-08T01:39:06.518Z,1.1.0,412
2022-12-08T01:39:06.518Z,1.0.3,1
2022-12-08T01:39:06.518Z,1.2.2,3
2022-12-08T01:39:06.518Z,1.3.2,3
2022-12-08T01:39:06.518Z,1.3.0,1
2022-12-08T01:39:06.518Z,0.0.1,13
2022-12-08T01:39:06.518Z,1.0.0,3
2022-12-08T01:39:06.518Z,1.1.1,1
2022-12-08T01:39:06.518Z,1.1.2,2
2022-12-08T01:39:06.518Z,1.2.0,1
2022-12-09T01:41:52.188Z,1.4.0,4689
2022-12-09T01:41:52.188Z,1.0.1,750
2022-12-09T01:41:52.188Z,0.0.1,13
2022-12-09T01:41:52.188Z,1.3.1,65
2022-12-09T01:41:52.188Z,1.0.0,2
2022-12-09T01:41:52.188Z,1.3.2,5
2022-12-09T01:41:52.188Z,1.0.2,1
2022-12-09T01:41:52.188Z,1.1.2,3
2022-12-09T01:41:52.188Z,1.2.2,4
2022-12-09T01:41:52.188Z,1.1.0,497
2022-12-09T01:41:52.188Z,1.2.0,1
2022-12-09T01:41:52.188Z,1.2.1,1
2022-12-09T01:41:52.188Z,1.0.3,2
2022-12-09T01:41:52.188Z,1.1.1,1
2022-12-09T01:41:52.188Z,1.3.0,1
2022-12-10T01:35:37.031Z,1.3.0,1
2022-12-10T01:35:37.031Z,1.0.1,841
2022-12-10T01:35:37.031Z,1.0.0,2
2022-12-10T01:35:37.031Z,1.3.2,5
2022-12-10T01:35:37.031Z,1.1.1,1
2022-12-10T01:35:37.031Z,1.1.2,3
2022-12-10T01:35:37.031Z,1.0.3,2
2022-12-10T01:35:37.031Z,1.3.1,119
2022-12-10T01:35:37.031Z,1.2.0,1
2022-12-10T01:35:37.031Z,1.2.2,4
2022-12-10T01:35:37.031Z,0.0.1,10
2022-12-10T01:35:37.031Z,1.4.0,4506
2022-12-10T01:35:37.031Z,1.1.0,548
2022-12-10T01:35:37.031Z,1.2.1,1
2022-12-10T01:35:37.031Z,1.0.2,1
2022-12-11T01:46:35.086Z,1.0.1,903
2022-12-11T01:46:35.086Z,1.3.1,116
2022-12-11T01:46:35.086Z,1.3.2,5
2022-12-11T01:46:35.086Z,1.4.0,4142
2022-12-11T01:46:35.086Z,1.0.0,2
2022-12-11T01:46:35.086Z,1.0.3,2
2022-12-11T01:46:35.086Z,0.0.1,10
2022-12-11T01:46:35.086Z,1.2.2,3
2022-12-11T01:46:35.086Z,1.2.0,1
2022-12-11T01:46:35.086Z,1.3.0,1
2022-12-11T01:46:35.086Z,1.1.2,3
2022-12-11T01:46:35.086Z,1.1.1,1
2022-12-11T01:46:35.086Z,1.2.1,1
2022-12-11T01:46:35.086Z,1.1.0,534
2022-12-11T01:46:35.086Z,1.0.2,1
2022-12-12T01:42:07.180Z,1.3.1,113
2022-12-12T01:42:07.180Z,1.0.1,943
2022-12-12T01:42:07.180Z,1.3.0,1
2022-12-12T01:42:07.180Z,1.4.0,4294
2022-12-12T01:42:07.180Z,1.1.2,3
2022-12-12T01:42:07.180Z,1.2.0,1
2022-12-12T01:42:07.180Z,0.0.1,10
2022-12-12T01:42:07.180Z,1.1.0,536
2022-12-12T01:42:07.180Z,1.0.2,1
2022-12-12T01:42:07.180Z,1.1.1,1
2022-12-12T01:42:07.180Z,1.2.2,2
2022-12-12T01:42:07.180Z,1.0.0,2
2022-12-12T01:42:07.180Z,1.3.2,10
2022-12-12T01:42:07.180Z,1.0.3,2
2022-12-12T01:42:07.180Z,1.2.1,1
2022-12-13T01:44:42.958Z,1.3.1,112
2022-12-13T01:44:42.958Z,1.1.2,2
2022-12-13T01:44:42.958Z,1.4.0,4297
2022-12-13T01:44:42.958Z,1.0.1,952
2022-12-13T01:44:42.958Z,0.0.1,9
2022-12-13T01:44:42.958Z,1.1.0,547
2022-12-13T01:44:42.958Z,1.3.2,13
2022-12-13T01:44:42.958Z,1.2.2,1
2022-12-13T01:44:42.958Z,1.0.3,1
2022-12-13T01:44:42.958Z,1.0.0,1
2022-12-13T01:44:42.958Z,1.5.0,51
2022-12-14T01:41:01.937Z,1.2.1,1
2022-12-14T01:41:01.937Z,1.4.0,4684
2022-12-14T01:41:01.937Z,0.0.1,6
2022-12-14T01:41:01.937Z,1.5.0,114
2022-12-14T01:41:01.937Z,1.1.0,492
2022-12-14T01:41:01.937Z,1.0.3,2
2022-12-14T01:41:01.937Z,1.1.2,1
2022-12-14T01:41:01.937Z,1.0.1,1008
2022-12-14T01:41:01.937Z,1.3.1,108
2022-12-14T01:41:01.937Z,1.3.2,11
2022-12-14T01:41:01.937Z,1.2.2,1
2022-12-15T01:43:05.413Z,1.0.3,3
2022-12-15T01:43:05.413Z,1.4.0,5303
2022-12-15T01:43:05.413Z,1.2.0,1
2022-12-15T01:43:05.413Z,1.2.2,2
2022-12-15T01:43:05.413Z,1.0.0,1
2022-12-15T01:43:05.413Z,1.1.2,2
2022-12-15T01:43:05.413Z,0.0.1,2
2022-12-15T01:43:05.413Z,1.5.0,186
2022-12-15T01:43:05.413Z,1.0.1,1011
2022-12-15T01:43:05.413Z,1.1.0,336
2022-12-15T01:43:05.413Z,1.2.1,2
2022-12-15T01:43:05.413Z,1.3.1,126
2022-12-15T01:43:05.413Z,1.3.2,12
2022-12-15T01:43:05.413Z,1.1.1,1
2022-12-15T01:43:05.413Z,1.3.0,1
2022-12-15T01:43:05.413Z,1.0.2,1
2022-12-16T01:33:00.891Z,1.0.3,3
2022-12-16T01:33:00.891Z,1.3.1,121
2022-12-16T01:33:00.891Z,1.3.0,2
2022-12-16T01:33:00.891Z,1.2.2,2
2022-12-16T01:33:00.891Z,1.0.1,1078
2022-12-16T01:33:00.891Z,1.5.0,335
2022-12-16T01:33:00.891Z,0.0.1,2
2022-12-16T01:33:00.891Z,1.2.1,3
2022-12-16T01:33:00.891Z,1.0.2,2
2022-12-16T01:33:00.891Z,1.1.0,220
2022-12-16T01:33:00.891Z,1.3.2,11
2022-12-16T01:33:00.891Z,1.1.2,2
2022-12-16T01:33:00.891Z,1.0.0,2
2022-12-16T01:33:00.891Z,1.2.0,2
2022-12-16T01:33:00.891Z,1.1.1,2
2022-12-16T01:33:00.891Z,1.4.0,5294
2022-12-17T01:26:14.293Z,1.0.0,2
2022-12-17T01:26:14.293Z,1.5.0,671
2022-12-17T01:26:14.293Z,1.0.1,1154
2022-12-17T01:26:14.293Z,1.3.0,2
2022-12-17T01:26:14.293Z,1.2.0,2
2022-12-17T01:26:14.293Z,1.2.1,3
2022-12-17T01:26:14.293Z,1.1.1,2
2022-12-17T01:26:14.293Z,1.4.0,5370
2022-12-17T01:26:14.293Z,1.1.2,2
2022-12-17T01:26:14.293Z,1.3.1,64
2022-12-17T01:26:14.293Z,1.2.2,2
2022-12-17T01:26:14.293Z,1.1.0,217
2022-12-17T01:26:14.293Z,1.3.2,12
2022-12-17T01:26:14.293Z,0.0.1,2
2022-12-17T01:26:14.293Z,1.0.2,2
2022-12-17T01:26:14.293Z,1.0.3,3
2022-12-18T01:34:11.756Z,1.2.2,2
2022-12-18T01:34:11.756Z,1.3.2,12
2022-12-18T01:34:11.756Z,1.4.0,5691
2022-12-18T01:34:11.756Z,1.0.3,3
2022-12-18T01:34:11.756Z,1.2.1,3
2022-12-18T01:34:11.756Z,1.0.1,1190
2022-12-18T01:34:11.756Z,1.3.1,36
2022-12-18T01:34:11.756Z,1.2.0,3
2022-12-18T01:34:11.756Z,1.1.2,2
2022-12-18T01:34:11.756Z,1.1.1,2
2022-12-18T01:34:11.756Z,0.0.1,2
2022-12-18T01:34:11.756Z,1.5.0,883
2022-12-18T01:34:11.756Z,1.0.2,2
2022-12-18T01:34:11.756Z,1.1.0,266
2022-12-18T01:34:11.756Z,1.3.0,2
2022-12-18T01:34:11.756Z,1.0.0,2
2022-12-19T01:26:02.745Z,1.5.0,962
2022-12-19T01:26:02.745Z,1.0.1,1124
2022-12-19T01:26:02.745Z,1.4.0,5717
2022-12-19T01:26:02.745Z,1.3.0,2
2022-12-19T01:26:02.745Z,1.2.0,3
2022-12-19T01:26:02.745Z,1.3.2,8
2022-12-19T01:26:02.745Z,1.3.1,33
2022-12-19T01:26:02.745Z,1.0.0,2
2022-12-19T01:26:02.745Z,1.1.0,285
2022-12-19T01:26:02.745Z,1.0.3,4
2022-12-19T01:26:02.745Z,1.0.2,2
2022-12-19T01:26:02.745Z,1.1.2,3
2022-12-19T01:26:02.745Z,1.2.2,2
2022-12-19T01:26:02.745Z,1.1.1,2
2022-12-19T01:26:02.745Z,0.0.1,2
2022-12-19T01:26:02.745Z,1.2.1,4
2022-12-20T01:35:33.837Z,1.4.0,5691
2022-12-20T01:35:33.837Z,1.3.2,4
2022-12-20T01:35:33.837Z,1.5.0,1026
2022-12-20T01:35:33.837Z,1.1.2,3
2022-12-20T01:35:33.837Z,1.1.1,2
2022-12-20T01:35:33.837Z,1.2.2,2
2022-12-20T01:35:33.837Z,1.0.0,2
2022-12-20T01:35:33.837Z,1.2.0,3
2022-12-20T01:35:33.837Z,1.0.1,1070
2022-12-20T01:35:33.837Z,1.3.0,2
2022-12-20T01:35:33.837Z,1.2.1,4
2022-12-20T01:35:33.837Z,1.1.0,278
2022-12-20T01:35:33.837Z,1.0.3,4
2022-12-20T01:35:33.837Z,1.0.2,2
2022-12-20T01:35:33.837Z,0.0.1,2
2022-12-20T01:35:33.837Z,1.3.1,33
2022-12-21T01:25:57.462Z,1.2.1,3
2022-12-21T01:25:57.462Z,1.2.2,2
2022-12-21T01:25:57.462Z,1.3.1,34
2022-12-21T01:25:57.462Z,1.3.2,4
2022-12-21T01:25:57.462Z,1.5.0,1260
2022-12-21T01:25:57.462Z,1.0.3,3
2022-12-21T01:25:57.462Z,1.2.0,3
2022-12-21T01:25:57.462Z,1.0.1,1019
2022-12-21T01:25:57.462Z,1.1.2,3
2022-12-21T01:25:57.462Z,1.1.0,251
2022-12-21T01:25:57.462Z,0.0.1,2
2022-12-21T01:25:57.462Z,1.4.0,5501
2022-12-21T01:25:57.462Z,1.0.0,2
2022-12-21T01:25:57.462Z,1.3.0,2
2022-12-21T01:25:57.462Z,1.1.1,2
2022-12-21T01:25:57.462Z,1.0.2,2
2022-12-22T01:33:50.818Z,1.0.1,906
2022-12-22T01:33:50.818Z,1.0.3,2
2022-12-22T01:33:50.818Z,1.1.0,251
2022-12-22T01:33:50.818Z,1.2.1,2
2022-12-22T01:33:50.818Z,1.5.0,1705
2022-12-22T01:33:50.818Z,1.4.0,4839
2022-12-22T01:33:50.818Z,1.3.0,2
2022-12-22T01:33:50.818Z,1.3.1,4
2022-12-22T01:33:50.818Z,1.0.2,1
2022-12-22T01:33:50.818Z,1.1.2,3
2022-12-22T01:33:50.818Z,0.0.1,1
2022-12-22T01:33:50.818Z,1.0.0,1
2022-12-22T01:33:50.818Z,1.2.0,2
2022-12-22T01:33:50.818Z,1.3.2,3
2022-12-22T01:33:50.818Z,1.2.2,1
2022-12-22T01:33:50.818Z,1.1.1,1
2022-12-23T01:34:01.497Z,1.1.0,244
2022-12-23T01:34:01.497Z,1.5.0,2148
2022-12-23T01:34:01.497Z,1.3.2,2
2022-12-23T01:34:01.497Z,1.0.1,850
2022-12-23T01:34:01.497Z,1.0.3,1
2022-12-23T01:34:01.497Z,1.1.2,2
2022-12-23T01:34:01.497Z,1.2.1,1
2022-12-23T01:34:01.497Z,1.2.0,1
2022-12-23T01:34:01.497Z,1.3.1,3
2022-12-23T01:34:01.497Z,1.4.0,4114
2022-12-23T01:34:01.497Z,1.3.0,1
2022-12-24T01:22:29.006Z,1.4.0,3203
2022-12-24T01:22:29.006Z,1.3.2,1
2022-12-24T01:22:29.006Z,1.1.0,158
2022-12-24T01:22:29.006Z,1.5.0,2138
2022-12-24T01:22:29.006Z,1.1.2,2
2022-12-24T01:22:29.006Z,1.0.1,698
2022-12-24T01:22:29.006Z,0.0.1,1
2022-12-24T01:22:29.006Z,1.3.0,1
2022-12-24T01:22:29.006Z,1.2.1,1
2022-12-24T01:22:29.006Z,1.3.1,2
2022-12-24T01:22:29.006Z,1.0.3,1
2022-12-24T01:22:29.006Z,1.2.0,1
2022-12-25T01:38:49.783Z,1.1.0,96
2022-12-25T01:38:49.783Z,1.4.0,2328
2022-12-25T01:38:49.783Z,1.5.0,2246
2022-12-25T01:38:49.783Z,1.0.1,560
2022-12-25T01:38:49.783Z,1.3.1,3
2022-12-25T01:38:49.783Z,1.2.1,1
2022-12-25T01:38:49.783Z,1.0.3,2
2022-12-25T01:38:49.783Z,1.3.2,2
2022-12-25T01:38:49.783Z,1.1.2,3
2022-12-25T01:38:49.783Z,1.2.2,1
2022-12-25T01:38:49.783Z,0.0.1,2
2022-12-25T01:38:49.783Z,1.3.0,1
2022-12-26T01:34:53.734Z,1.1.0,75
2022-12-26T01:34:53.734Z,1.4.0,2117
2022-12-26T01:34:53.734Z,0.0.1,4
2022-12-26T01:34:53.734Z,1.5.0,2346
2022-12-26T01:34:53.734Z,1.0.1,542
2022-12-26T01:34:53.734Z,1.0.2,2
2022-12-26T01:34:53.734Z,1.0.3,3
2022-12-26T01:34:53.734Z,1.3.1,3
2022-12-26T01:34:53.734Z,1.3.0,1
2022-12-26T01:34:53.734Z,1.1.2,2
2022-12-26T01:34:53.734Z,1.0.0,2
2022-12-26T01:34:53.734Z,1.2.2,1
2022-12-26T01:34:53.734Z,1.3.2,1
2022-12-27T01:33:47.097Z,1.0.1,545
2022-12-27T01:33:47.097Z,1.5.0,2310
2022-12-27T01:33:47.097Z,1.4.0,2012
2022-12-27T01:33:47.097Z,1.1.0,70
2022-12-27T01:33:47.097Z,1.0.3,4
2022-12-27T01:33:47.097Z,0.0.1,5
2022-12-27T01:33:47.097Z,1.3.0,2
2022-12-27T01:33:47.097Z,1.3.1,4
2022-12-27T01:33:47.097Z,1.0.0,3
2022-12-27T01:33:47.097Z,1.1.2,3
2022-12-27T01:33:47.097Z,1.2.2,2
2022-12-27T01:33:47.097Z,1.1.1,1
2022-12-27T01:33:47.097Z,1.0.2,3
2022-12-27T01:33:47.097Z,1.2.1,1
2022-12-27T01:33:47.097Z,1.2.0,1
2022-12-27T01:33:47.097Z,1.3.2,2
2022-12-28T01:33:51.097Z,1.4.0,1444
2022-12-28T01:33:51.097Z,1.2.2,2
2022-12-28T01:33:51.097Z,1.2.1,1
2022-12-28T01:33:51.097Z,1.0.3,4
2022-12-28T01:33:51.097Z,1.1.0,31
2022-12-28T01:33:51.097Z,1.1.2,3
2022-12-28T01:33:51.097Z,1.2.0,1
2022-12-28T01:33:51.097Z,1.5.0,2119
2022-12-28T01:33:51.097Z,0.0.1,5
2022-12-28T01:33:51.097Z,1.3.1,3
2022-12-28T01:33:51.097Z,1.0.1,525
2022-12-28T01:33:51.097Z,1.3.2,14
2022-12-28T01:33:51.097Z,1.0.2,3
2022-12-28T01:33:51.097Z,1.0.0,3
2022-12-28T01:33:51.097Z,1.1.1,1
2022-12-28T01:33:51.097Z,1.3.0,2
2022-12-29T01:35:56.610Z,1.2.1,1
2022-12-29T01:35:56.610Z,1.5.0,1710
2022-12-29T01:35:56.610Z,0.0.1,5
2022-12-29T01:35:56.610Z,1.0.1,537
2022-12-29T01:35:56.610Z,1.4.0,928
2022-12-29T01:35:56.610Z,1.1.0,12
2022-12-29T01:35:56.610Z,1.0.0,3
2022-12-29T01:35:56.610Z,1.1.1,1
2022-12-29T01:35:56.610Z,1.1.2,2
2022-12-29T01:35:56.610Z,1.3.1,3
2022-12-29T01:35:56.610Z,1.3.2,46
2022-12-29T01:35:56.610Z,1.6.0,70
2022-12-29T01:35:56.610Z,1.2.2,2
2022-12-29T01:35:56.610Z,1.0.3,4
2022-12-29T01:35:56.610Z,1.0.2,3
2022-12-29T01:35:56.610Z,1.2.0,1
2022-12-29T01:35:56.610Z,1.3.0,1
2022-12-30T01:36:27.870Z,1.0.1,417
2022-12-30T01:36:27.870Z,1.3.0,1
2022-12-30T01:36:27.870Z,1.4.0,409
2022-12-30T01:36:27.870Z,0.0.1,8
2022-12-30T01:36:27.870Z,1.5.0,1468
2022-12-30T01:36:27.870Z,1.6.0,568
2022-12-30T01:36:27.870Z,1.1.0,7
2022-12-30T01:36:27.870Z,1.2.2,2
2022-12-30T01:36:27.870Z,1.2.0,1
2022-12-30T01:36:27.870Z,1.1.1,1
2022-12-30T01:36:27.870Z,1.1.2,2
2022-12-30T01:36:27.870Z,1.0.0,3
2022-12-30T01:36:27.870Z,1.3.2,46
2022-12-30T01:36:27.870Z,1.0.2,3
2022-12-30T01:36:27.870Z,1.0.3,4
2022-12-30T01:36:27.870Z,1.3.1,2
2022-12-30T01:36:27.870Z,1.2.1,1
2022-12-31T01:33:31.790Z,1.0.3,5
2022-12-31T01:33:31.790Z,1.2.2,2
2022-12-31T01:33:31.790Z,1.1.2,3
2022-12-31T01:33:31.790Z,1.5.0,1237
2022-12-31T01:33:31.790Z,1.4.0,274
2022-12-31T01:33:31.790Z,1.0.1,304
2022-12-31T01:33:31.790Z,1.3.1,3
2022-12-31T01:33:31.790Z,1.2.1,2
2022-12-31T01:33:31.790Z,1.1.0,8
2022-12-31T01:33:31.790Z,1.1.1,1
2022-12-31T01:33:31.790Z,1.3.0,1
2022-12-31T01:33:31.790Z,0.0.1,7
2022-12-31T01:33:31.790Z,1.0.0,3
2022-12-31T01:33:31.790Z,1.6.0,581
2022-12-31T01:33:31.790Z,1.0.2,3
2022-12-31T01:33:31.790Z,1.2.0,2
2022-12-31T01:33:31.790Z,1.3.2,87
2023-01-01T01:49:19.414Z,1.2.0,2
2023-01-01T01:49:19.414Z,1.2.2,1
2023-01-01T01:49:19.414Z,1.0.3,4
2023-01-01T01:49:19.414Z,1.5.0,982
2023-01-01T01:49:19.414Z,0.0.1,6
2023-01-01T01:49:19.414Z,1.0.0,3
2023-01-01T01:49:19.414Z,1.1.2,2
2023-01-01T01:49:19.414Z,1.3.2,88
2023-01-01T01:49:19.414Z,1.3.1,6
2023-01-01T01:49:19.414Z,1.1.0,7
2023-01-01T01:49:19.414Z,1.2.1,2
2023-01-01T01:49:19.414Z,1.6.0,913
2023-01-01T01:49:19.414Z,1.0.2,3
2023-01-01T01:49:19.414Z,1.1.1,1
2023-01-01T01:49:19.414Z,1.4.0,271
2023-01-01T01:49:19.414Z,1.3.0,1
2023-01-01T01:49:19.414Z,1.0.1,221
2023-01-02T01:34:57.153Z,1.5.0,837
2023-01-02T01:34:57.153Z,1.0.1,220
2023-01-02T01:34:57.153Z,1.4.0,313
2023-01-02T01:34:57.153Z,1.2.0,3
2023-01-02T01:34:57.153Z,1.3.2,93
2023-01-02T01:34:57.153Z,1.6.0,1012
2023-01-02T01:34:57.153Z,0.0.1,4
2023-01-02T01:34:57.153Z,1.1.2,3
2023-01-02T01:34:57.153Z,1.0.3,3
2023-01-02T01:34:57.153Z,1.1.0,8
2023-01-02T01:34:57.153Z,1.2.2,2
2023-01-02T01:34:57.153Z,1.2.1,2
2023-01-02T01:34:57.153Z,1.1.1,2
2023-01-02T01:34:57.153Z,1.3.1,7
2023-01-02T01:34:57.153Z,1.0.0,2
2023-01-02T01:34:57.153Z,1.3.0,2
2023-01-02T01:34:57.153Z,1.0.2,1
2023-01-03T01:34:18.062Z,1.4.0,357
2023-01-03T01:34:18.062Z,1.3.2,92
2023-01-03T01:34:18.062Z,1.0.1,218
2023-01-03T01:34:18.062Z,1.5.0,800
2023-01-03T01:34:18.062Z,1.2.1,1
2023-01-03T01:34:18.062Z,1.3.0,1
2023-01-03T01:34:18.062Z,1.0.0,1
2023-01-03T01:34:18.062Z,1.3.1,6
2023-01-03T01:34:18.062Z,1.6.0,1342
2023-01-03T01:34:18.062Z,1.1.2,2
2023-01-03T01:34:18.062Z,1.1.0,7
2023-01-03T01:34:18.062Z,1.2.2,1
2023-01-03T01:34:18.062Z,1.2.0,2
2023-01-03T01:34:18.062Z,1.1.1,1
2023-01-03T01:34:18.062Z,0.0.1,3
2023-01-03T01:34:18.062Z,1.0.3,2
2023-01-04T01:36:08.088Z,1.3.0,1
2023-01-04T01:36:08.088Z,1.4.0,264
2023-01-04T01:36:08.088Z,1.2.0,2
2023-01-04T01:36:08.088Z,1.6.0,1914
2023-01-04T01:36:08.088Z,1.5.0,781
2023-01-04T01:36:08.088Z,1.0.0,1
2023-01-04T01:36:08.088Z,1.0.1,140
2023-01-04T01:36:08.088Z,1.3.2,81
2023-01-04T01:36:08.088Z,1.1.0,7
2023-01-04T01:36:08.088Z,1.1.2,2
2023-01-04T01:36:08.088Z,1.0.3,2
2023-01-04T01:36:08.088Z,1.1.1,1
2023-01-04T01:36:08.088Z,1.2.1,1
2023-01-04T01:36:08.088Z,1.3.1,6
2023-01-04T01:36:08.088Z,1.2.2,1
2023-01-04T01:36:08.088Z,0.0.1,3
2023-01-05T01:40:10.959Z,1.5.0,717
2023-01-05T01:40:10.959Z,1.6.0,2580
2023-01-05T01:40:10.959Z,1.2.1,1
2023-01-05T01:40:10.959Z,1.3.0,1
2023-01-05T01:40:10.959Z,1.0.1,96
2023-01-05T01:40:10.959Z,1.4.0,318
2023-01-05T01:40:10.959Z,1.3.1,6
2023-01-05T01:40:10.959Z,1.1.2,3
2023-01-05T01:40:10.959Z,1.0.3,2
2023-01-05T01:40:10.959Z,1.0.0,1
2023-01-05T01:40:10.959Z,1.1.0,15
2023-01-05T01:40:10.959Z,1.3.2,55
2023-01-05T01:40:10.959Z,1.1.1,1
2023-01-05T01:40:10.959Z,1.2.0,2
2023-01-05T01:40:10.959Z,1.2.2,1
2023-01-05T01:40:10.959Z,0.0.1,3
2023-01-06T01:39:45.324Z,1.5.0,413
2023-01-06T01:39:45.324Z,1.2.1,1
2023-01-06T01:39:45.324Z,1.6.0,2902
2023-01-06T01:39:45.324Z,1.1.2,3
2023-01-06T01:39:45.324Z,1.0.3,2
2023-01-06T01:39:45.324Z,1.1.0,186
2023-01-06T01:39:45.324Z,1.4.0,328
2023-01-06T01:39:45.324Z,1.0.1,256
2023-01-06T01:39:45.324Z,1.3.2,55
2023-01-06T01:39:45.324Z,1.2.0,2
2023-01-06T01:39:45.324Z,1.3.1,9
2023-01-06T01:39:45.324Z,1.0.0,1
2023-01-06T01:39:45.324Z,1.3.0,1
2023-01-06T01:39:45.324Z,1.1.1,1
2023-01-06T01:39:45.324Z,1.2.2,1
2023-01-07T01:35:49.175Z,1.6.0,3469
2023-01-07T01:35:49.175Z,1.4.0,378
2023-01-07T01:35:49.175Z,1.5.0,357
2023-01-07T01:35:49.175Z,1.0.1,319
2023-01-07T01:35:49.175Z,1.1.0,251
2023-01-07T01:35:49.175Z,1.1.1,1
2023-01-07T01:35:49.175Z,1.3.2,14
2023-01-07T01:35:49.175Z,1.3.0,2
2023-01-07T01:35:49.175Z,1.0.0,1
2023-01-07T01:35:49.175Z,1.0.3,1
2023-01-07T01:35:49.175Z,1.3.1,8
2023-01-07T01:35:49.175Z,1.1.2,2
2023-01-07T01:35:49.175Z,1.2.0,1
2023-01-07T01:35:49.175Z,1.2.2,1
2023-01-08T01:42:51.388Z,1.3.1,7
2023-01-08T01:42:51.388Z,1.0.1,440
2023-01-08T01:42:51.388Z,1.6.0,3779
2023-01-08T01:42:51.388Z,1.3.0,2
2023-01-08T01:42:51.388Z,1.1.0,346
2023-01-08T01:42:51.388Z,1.0.3,1
2023-01-08T01:42:51.388Z,1.4.0,400
2023-01-08T01:42:51.388Z,1.3.2,12
2023-01-08T01:42:51.388Z,1.5.0,344
2023-01-08T01:42:51.388Z,1.2.2,1
2023-01-08T01:42:51.388Z,1.1.2,2
2023-01-08T01:42:51.388Z,1.1.1,1
2023-01-08T01:42:51.388Z,1.0.2,1
2023-01-08T01:42:51.388Z,1.0.0,1
2023-01-08T01:42:51.388Z,1.2.0,1
2023-01-09T01:36:04.713Z,1.3.2,7
2023-01-09T01:36:04.713Z,1.4.0,382
2023-01-09T01:36:04.713Z,1.3.1,6
2023-01-09T01:36:04.713Z,1.6.0,3794
2023-01-09T01:36:04.713Z,1.0.1,469
2023-01-09T01:36:04.713Z,1.1.0,371
2023-01-09T01:36:04.713Z,1.5.0,349
2023-01-09T01:36:04.713Z,1.3.0,1
2023-01-09T01:36:04.713Z,1.0.2,1
2023-01-09T01:36:04.713Z,1.1.2,1
2023-01-10T01:41:34.318Z,1.4.0,360
2023-01-10T01:41:34.318Z,1.0.1,471
2023-01-10T01:41:34.318Z,1.5.0,347
2023-01-10T01:41:34.318Z,1.6.0,3651
2023-01-10T01:41:34.318Z,1.1.0,380
2023-01-10T01:41:34.318Z,1.0.2,1
2023-01-10T01:41:34.318Z,1.1.2,1
2023-01-10T01:41:34.318Z,1.3.2,9
2023-01-10T01:41:34.318Z,1.3.0,1
2023-01-10T01:41:34.318Z,1.3.1,6
2023-01-11T01:39:07.252Z,1.0.0,2
2023-01-11T01:39:07.252Z,1.5.0,314
2023-01-11T01:39:07.252Z,1.1.1,2
2023-01-11T01:39:07.252Z,1.0.2,3
2023-01-11T01:39:07.252Z,1.6.0,4288
2023-01-11T01:39:07.252Z,1.3.1,7
2023-01-11T01:39:07.252Z,1.0.1,547
2023-01-11T01:39:07.252Z,1.1.0,413
2023-01-11T01:39:07.252Z,1.3.2,10
2023-01-11T01:39:07.252Z,1.4.0,378
2023-01-11T01:39:07.252Z,1.1.2,3
2023-01-11T01:39:07.252Z,1.3.0,1
2023-01-11T01:39:07.252Z,0.0.1,2
2023-01-11T01:39:07.252Z,1.2.0,2
2023-01-11T01:39:07.252Z,1.0.3,2
2023-01-11T01:39:07.252Z,1.2.1,2
2023-01-12T01:39:35.286Z,1.0.1,667
2023-01-12T01:39:35.286Z,1.0.0,2
2023-01-12T01:39:35.286Z,1.4.0,385
2023-01-12T01:39:35.286Z,1.1.1,2
2023-01-12T01:39:35.286Z,1.1.0,473
2023-01-12T01:39:35.286Z,1.0.2,3
2023-01-12T01:39:35.286Z,1.3.0,1
2023-01-12T01:39:35.286Z,1.6.0,4339
2023-01-12T01:39:35.286Z,1.5.0,295
2023-01-12T01:39:35.286Z,1.2.0,2
2023-01-12T01:39:35.286Z,1.3.1,7
2023-01-12T01:39:35.286Z,1.3.2,4
2023-01-12T01:39:35.286Z,0.0.1,8
2023-01-12T01:39:35.286Z,1.0.3,2
2023-01-12T01:39:35.286Z,1.1.2,2
2023-01-12T01:39:35.286Z,1.2.1,2
2023-01-13T01:42:38.460Z,1.0.0,2
2023-01-13T01:42:38.460Z,1.5.0,269
2023-01-13T01:42:38.460Z,1.4.0,395
2023-01-13T01:42:38.460Z,1.6.0,4912
2023-01-13T01:42:38.460Z,1.1.0,396
2023-01-13T01:42:38.460Z,1.0.2,4
2023-01-13T01:42:38.460Z,0.0.1,11
2023-01-13T01:42:38.460Z,1.0.1,644
2023-01-13T01:42:38.460Z,1.3.2,8
2023-01-13T01:42:38.460Z,1.1.1,4
2023-01-13T01:42:38.460Z,1.2.1,2
2023-01-13T01:42:38.460Z,1.0.3,2
2023-01-13T01:42:38.460Z,1.2.0,3
2023-01-13T01:42:38.460Z,1.1.2,2
2023-01-13T01:42:38.460Z,1.3.0,2
2023-01-13T01:42:38.460Z,1.3.1,10
2023-01-14T01:30:21.060Z,1.4.0,366
2023-01-14T01:30:21.060Z,1.3.2,8
2023-01-14T01:30:21.060Z,1.5.0,314
2023-01-14T01:30:21.060Z,1.1.0,372
2023-01-14T01:30:21.060Z,1.6.0,5258
2023-01-14T01:30:21.060Z,1.0.3,2
2023-01-14T01:30:21.060Z,0.0.1,15
2023-01-14T01:30:21.060Z,1.0.1,672
2023-01-14T01:30:21.060Z,1.3.1,12
2023-01-14T01:30:21.060Z,1.0.2,4
2023-01-14T01:30:21.060Z,1.1.1,4
2023-01-14T01:30:21.060Z,1.1.2,2
2023-01-14T01:30:21.060Z,1.0.0,2
2023-01-14T01:30:21.060Z,1.2.0,3
2023-01-14T01:30:21.060Z,1.3.0,1
2023-01-14T01:30:21.060Z,1.2.1,2
2023-01-15T01:42:31.693Z,1.4.0,343
2023-01-15T01:42:31.693Z,1.6.0,5519
2023-01-15T01:42:31.693Z,1.0.1,673
2023-01-15T01:42:31.693Z,1.1.2,3
2023-01-15T01:42:31.693Z,1.0.0,2
2023-01-15T01:42:31.693Z,1.5.0,348
2023-01-15T01:42:31.693Z,1.1.0,334
2023-01-15T01:42:31.693Z,0.0.1,16
2023-01-15T01:42:31.693Z,1.0.3,2
2023-01-15T01:42:31.693Z,1.2.0,3
2023-01-15T01:42:31.693Z,1.2.1,2
2023-01-15T01:42:31.693Z,1.3.1,9
2023-01-15T01:42:31.693Z,1.3.0,1
2023-01-15T01:42:31.693Z,1.3.2,8
2023-01-15T01:42:31.693Z,1.0.2,3
2023-01-15T01:42:31.693Z,1.1.1,4
2023-01-16T01:37:15.840Z,1.0.1,665
2023-01-16T01:37:15.840Z,1.0.0,3
2023-01-16T01:37:15.840Z,1.1.0,309
2023-01-16T01:37:15.840Z,0.0.1,17
2023-01-16T01:37:15.840Z,1.6.0,5713
2023-01-16T01:37:15.840Z,1.2.1,3
2023-01-16T01:37:15.840Z,1.0.3,3
2023-01-16T01:37:15.840Z,1.3.1,10
2023-01-16T01:37:15.840Z,1.3.2,9
2023-01-16T01:37:15.840Z,1.2.0,4
2023-01-16T01:37:15.840Z,1.4.0,345
2023-01-16T01:37:15.840Z,1.1.2,4
2023-01-16T01:37:15.840Z,1.0.2,4
2023-01-16T01:37:15.840Z,1.5.0,334
2023-01-16T01:37:15.840Z,1.1.1,5
2023-01-16T01:37:15.840Z,1.3.0,2
2023-01-16T01:37:15.840Z,1.2.2,1
2023-01-17T01:37:08.799Z,0.0.1,18
2023-01-17T01:37:08.799Z,1.2.1,4
2023-01-17T01:37:08.799Z,1.3.1,11
2023-01-17T01:37:08.799Z,1.0.3,4
2023-01-17T01:37:08.799Z,1.5.0,295
2023-01-17T01:37:08.799Z,1.1.1,6
2023-01-17T01:37:08.799Z,1.0.0,3
2023-01-17T01:37:08.799Z,1.3.2,9
2023-01-17T01:37:08.799Z,1.3.0,3
2023-01-17T01:37:08.799Z,1.0.2,4
2023-01-17T01:37:08.799Z,1.6.0,5631
2023-01-17T01:37:08.799Z,1.0.1,664
2023-01-17T01:37:08.799Z,1.4.0,349
2023-01-17T01:37:08.799Z,1.1.2,5
2023-01-17T01:37:08.799Z,1.2.2,3
2023-01-17T01:37:08.799Z,1.2.0,4
2023-01-17T01:37:08.799Z,1.1.0,301
2023-01-18T01:40:21.178Z,1.3.2,7
2023-01-18T01:40:21.178Z,1.4.0,355
2023-01-18T01:40:21.178Z,1.1.1,4
2023-01-18T01:40:21.178Z,1.0.1,679
2023-01-18T01:40:21.178Z,1.5.0,345
2023-01-18T01:40:21.178Z,1.6.0,5466
2023-01-18T01:40:21.178Z,1.1.2,4
2023-01-18T01:40:21.178Z,1.3.1,10
2023-01-18T01:40:21.178Z,0.0.1,18
2023-01-18T01:40:21.178Z,1.0.2,2
2023-01-18T01:40:21.178Z,1.1.0,299
2023-01-18T01:40:21.178Z,1.3.0,3
2023-01-18T01:40:21.178Z,1.0.0,2
2023-01-18T01:40:21.178Z,1.2.2,4
2023-01-18T01:40:21.178Z,1.2.1,2
2023-01-18T01:40:21.178Z,1.2.0,2
2023-01-18T01:40:21.178Z,1.0.3,3
2023-01-19T01:42:15.041Z,0.0.1,12
2023-01-19T01:42:15.041Z,1.3.1,11
2023-01-19T01:42:15.041Z,1.0.2,3
2023-01-19T01:42:15.041Z,1.4.0,323
2023-01-19T01:42:15.041Z,1.2.1,2
2023-01-19T01:42:15.041Z,1.3.0,4
2023-01-19T01:42:15.041Z,1.2.0,2
2023-01-19T01:42:15.041Z,1.2.2,4
2023-01-19T01:42:15.041Z,1.0.3,3
2023-01-19T01:42:15.041Z,1.5.0,490
2023-01-19T01:42:15.041Z,1.0.0,2
2023-01-19T01:42:15.041Z,1.1.0,334
2023-01-19T01:42:15.041Z,1.6.0,5332
2023-01-19T01:42:15.041Z,1.0.1,688
2023-01-19T01:42:15.041Z,1.1.1,4
2023-01-19T01:42:15.041Z,1.3.2,7
2023-01-19T01:42:15.041Z,1.1.2,4
2023-01-20T01:41:04.086Z,1.6.0,5699
2023-01-20T01:41:04.086Z,1.2.2,4
2023-01-20T01:41:04.086Z,1.2.0,2
2023-01-20T01:41:04.086Z,1.0.0,2
2023-01-20T01:41:04.086Z,1.3.0,3
2023-01-20T01:41:04.086Z,1.0.2,2
2023-01-20T01:41:04.086Z,1.1.2,4
2023-01-20T01:41:04.086Z,1.0.3,3
2023-01-20T01:41:04.086Z,1.2.1,2
2023-01-20T01:41:04.086Z,1.0.1,607
2023-01-20T01:41:04.086Z,1.1.1,2
2023-01-20T01:41:04.086Z,1.3.2,4
2023-01-20T01:41:04.086Z,1.1.0,312
2023-01-20T01:41:04.086Z,1.4.0,293
2023-01-20T01:41:04.086Z,1.3.1,5
2023-01-20T01:41:04.086Z,0.0.1,12
2023-01-20T01:41:04.086Z,1.5.0,544
2023-01-21T01:37:06.912Z,1.3.0,3
2023-01-21T01:37:06.912Z,1.0.1,617
2023-01-21T01:37:06.912Z,1.4.0,279
2023-01-21T01:37:06.912Z,1.6.0,6019
2023-01-21T01:37:06.912Z,1.1.2,5
2023-01-21T01:37:06.912Z,0.0.1,9
2023-01-21T01:37:06.912Z,1.2.2,4
2023-01-21T01:37:06.912Z,1.2.0,2
2023-01-21T01:37:06.912Z,1.0.0,2
2023-01-21T01:37:06.912Z,1.1.0,328
2023-01-21T01:37:06.912Z,1.3.1,4
2023-01-21T01:37:06.912Z,1.2.1,3
2023-01-21T01:37:06.912Z,1.0.3,4
2023-01-21T01:37:06.912Z,1.0.2,2
2023-01-21T01:37:06.912Z,1.5.0,554
2023-01-21T01:37:06.912Z,1.3.2,4
2023-01-21T01:37:06.912Z,1.1.1,3
2023-01-22T01:42:42.153Z,1.1.0,591
2023-01-22T01:42:42.153Z,1.2.1,3
2023-01-22T01:42:42.153Z,1.2.2,4
2023-01-22T01:42:42.153Z,1.0.2,2
2023-01-22T01:42:42.153Z,1.0.3,4
2023-01-22T01:42:42.153Z,1.2.0,2
2023-01-22T01:42:42.153Z,1.3.0,3
2023-01-22T01:42:42.153Z,1.1.1,3
2023-01-22T01:42:42.153Z,1.4.0,285
2023-01-22T01:42:42.153Z,0.0.1,8
2023-01-22T01:42:42.153Z,1.5.0,602
2023-01-22T01:42:42.153Z,1.1.2,4
2023-01-22T01:42:42.153Z,1.6.0,6040
2023-01-22T01:42:42.153Z,1.0.0,2
2023-01-22T01:42:42.153Z,1.3.2,4
2023-01-22T01:42:42.153Z,1.0.1,625
2023-01-22T01:42:42.153Z,1.3.1,4
2023-01-23T01:37:31.965Z,1.0.0,1
2023-01-23T01:37:31.965Z,1.1.2,3
2023-01-23T01:37:31.965Z,1.5.0,638
2023-01-23T01:37:31.965Z,1.0.1,610
2023-01-23T01:37:31.965Z,1.1.0,590
2023-01-23T01:37:31.965Z,1.4.0,254
2023-01-23T01:37:31.965Z,1.1.1,2
2023-01-23T01:37:31.965Z,1.0.3,3
2023-01-23T01:37:31.965Z,0.0.1,7
2023-01-23T01:37:31.965Z,1.2.2,3
2023-01-23T01:37:31.965Z,1.3.0,2
2023-01-23T01:37:31.965Z,1.3.2,3
2023-01-23T01:37:31.965Z,1.2.1,2
2023-01-23T01:37:31.965Z,1.6.0,5893
2023-01-23T01:37:31.965Z,1.2.0,1
2023-01-23T01:37:31.965Z,1.3.1,3
2023-01-23T01:37:31.965Z,1.0.2,1
2023-01-24T01:38:46.736Z,1.0.3,2
2023-01-24T01:38:46.736Z,1.5.0,637
2023-01-24T01:38:46.736Z,1.2.1,1
2023-01-24T01:38:46.736Z,1.4.0,226
2023-01-24T01:38:46.736Z,1.0.2,1
2023-01-24T01:38:46.736Z,1.1.0,589
2023-01-24T01:38:46.736Z,1.3.0,1
2023-01-24T01:38:46.736Z,1.2.2,1
2023-01-24T01:38:46.736Z,0.0.1,6
2023-01-24T01:38:46.736Z,1.0.0,1
2023-01-24T01:38:46.736Z,1.2.0,1
2023-01-24T01:38:46.736Z,1.3.1,2
2023-01-24T01:38:46.736Z,1.0.1,612
2023-01-24T01:38:46.736Z,1.1.2,2
2023-01-24T01:38:46.736Z,1.6.0,6021
2023-01-24T01:38:46.736Z,1.3.2,9
2023-01-24T01:38:46.736Z,1.1.1,1
2023-01-25T01:35:41.819Z,1.0.1,601
2023-01-25T01:35:41.819Z,0.0.1,6
2023-01-25T01:35:41.819Z,1.6.0,5909
2023-01-25T01:35:41.819Z,1.4.0,183
2023-01-25T01:35:41.819Z,1.3.1,5
2023-01-25T01:35:41.819Z,1.5.0,665
2023-01-25T01:35:41.819Z,1.1.0,557
2023-01-25T01:35:41.819Z,1.2.0,1
2023-01-25T01:35:41.819Z,1.3.2,9
2023-01-25T01:35:41.819Z,1.1.1,1
2023-01-25T01:35:41.819Z,1.3.0,1
2023-01-25T01:35:41.819Z,1.0.3,1
2023-01-25T01:35:41.819Z,1.2.1,1
2023-01-25T01:35:41.819Z,1.1.2,1
2023-01-25T01:35:41.819Z,1.0.2,1
2023-01-26T01:38:19.061Z,0.0.1,11
2023-01-26T01:38:19.061Z,1.1.0,455
2023-01-26T01:38:19.061Z,1.0.1,551
2023-01-26T01:38:19.061Z,1.5.0,754
2023-01-26T01:38:19.061Z,1.4.0,184
2023-01-26T01:38:19.061Z,1.6.0,6199
2023-01-26T01:38:19.061Z,1.1.1,1
2023-01-26T01:38:19.061Z,1.2.0,1
2023-01-26T01:38:19.061Z,1.3.1,5
2023-01-26T01:38:19.061Z,1.2.1,1
2023-01-26T01:38:19.061Z,1.3.2,9
2023-01-26T01:38:19.061Z,1.1.2,1
2023-01-26T01:38:19.061Z,1.0.3,1
2023-01-27T01:40:55.609Z,1.4.0,153
2023-01-27T01:40:55.609Z,1.3.2,8
2023-01-27T01:40:55.609Z,1.0.1,527
2023-01-27T01:40:55.609Z,1.5.0,723
2023-01-27T01:40:55.609Z,1.6.0,6055
2023-01-27T01:40:55.609Z,1.1.0,386
2023-01-27T01:40:55.609Z,1.3.1,5
2023-01-27T01:40:55.609Z,1.1.1,1
2023-01-27T01:40:55.609Z,0.0.1,8
2023-01-27T01:40:55.609Z,1.0.3,1
2023-01-27T01:40:55.609Z,1.2.1,1
2023-01-27T01:40:55.609Z,1.1.2,1
2023-01-28T01:39:57.958Z,1.4.0,128
2023-01-28T01:39:57.958Z,1.5.0,759
2023-01-28T01:39:57.958Z,1.3.2,8
2023-01-28T01:39:57.958Z,1.1.0,331
2023-01-28T01:39:57.958Z,1.6.0,5840
2023-01-28T01:39:57.958Z,1.0.1,494
2023-01-28T01:39:57.958Z,1.3.1,4
2023-01-28T01:39:57.958Z,0.0.1,11
2023-01-29T01:44:00.237Z,1.5.0,922
2023-01-29T01:44:00.237Z,1.6.0,5995
2023-01-29T01:44:00.237Z,1.4.0,108
2023-01-29T01:44:00.237Z,1.3.1,4
2023-01-29T01:44:00.237Z,1.1.0,17
2023-01-29T01:44:00.237Z,0.0.1,14
2023-01-29T01:44:00.237Z,1.0.1,461
2023-01-29T01:44:00.237Z,1.3.2,8
2023-01-30T01:34:27.376Z,1.0.1,474
2023-01-30T01:34:27.376Z,0.0.1,15
2023-01-30T01:34:27.376Z,1.5.0,902
2023-01-30T01:34:27.376Z,1.3.1,4
2023-01-30T01:34:27.376Z,1.4.0,107
2023-01-30T01:34:27.376Z,1.6.0,6349
2023-01-30T01:34:27.376Z,1.1.0,27
2023-01-30T01:34:27.376Z,1.3.2,12
2023-01-31T01:42:42.679Z,1.6.0,6315
2023-01-31T01:42:42.679Z,1.1.0,39
2023-01-31T01:42:42.679Z,0.0.1,15
2023-01-31T01:42:42.679Z,1.0.1,474
2023-01-31T01:42:42.679Z,1.5.0,902
2023-01-31T01:42:42.679Z,1.4.0,108
2023-01-31T01:42:42.679Z,1.3.2,4
2023-01-31T01:42:42.679Z,1.3.1,4
2023-02-01T01:51:18.885Z,1.6.0,6831
2023-02-01T01:51:18.885Z,1.5.0,814
2023-02-01T01:51:18.885Z,1.4.0,110
2023-02-01T01:51:18.885Z,0.0.1,19
2023-02-01T01:51:18.885Z,1.1.0,40
2023-02-01T01:51:18.885Z,1.0.1,573
2023-02-01T01:51:18.885Z,1.3.2,6
2023-02-01T01:51:18.885Z,1.3.1,4
2023-02-01T01:51:18.885Z,1.0.3,1
2023-02-01T01:51:18.885Z,1.3.0,2
2023-02-01T01:51:18.885Z,1.2.2,2
2023-02-02T01:41:43.616Z,1.1.0,40
2023-02-02T01:41:43.616Z,0.0.1,16
2023-02-02T01:41:43.616Z,1.4.0,121
2023-02-02T01:41:43.616Z,1.0.1,670
2023-02-02T01:41:43.616Z,1.5.0,781
2023-02-02T01:41:43.616Z,1.6.0,7674
2023-02-02T01:41:43.616Z,1.3.0,2
2023-02-02T01:41:43.616Z,1.0.3,1
2023-02-02T01:41:43.616Z,1.3.2,6
2023-02-02T01:41:43.616Z,1.3.1,4
2023-02-02T01:41:43.616Z,1.2.2,2
2023-02-03T01:42:58.628Z,1.4.0,140
2023-02-03T01:42:58.628Z,1.1.0,47
2023-02-03T01:42:58.628Z,1.3.0,4
2023-02-03T01:42:58.628Z,1.1.2,2
2023-02-03T01:42:58.628Z,1.0.3,3
2023-02-03T01:42:58.628Z,1.2.1,1
2023-02-03T01:42:58.628Z,1.0.1,717
2023-02-03T01:42:58.628Z,0.0.1,24
2023-02-03T01:42:58.628Z,1.5.0,868
2023-02-03T01:42:58.628Z,1.3.2,8
2023-02-03T01:42:58.628Z,1.1.1,1
2023-02-03T01:42:58.628Z,1.2.2,4
2023-02-03T01:42:58.628Z,1.2.0,1
2023-02-03T01:42:58.628Z,1.6.0,7969
2023-02-03T01:42:58.628Z,1.3.1,12
2023-02-03T01:42:58.628Z,1.0.0,1
2023-02-03T01:42:58.628Z,1.0.2,1
2023-02-04T01:37:14.680Z,1.2.0,1
2023-02-04T01:37:14.680Z,1.1.2,2
2023-02-04T01:37:14.680Z,1.2.2,4
2023-02-04T01:37:14.680Z,0.0.1,28
2023-02-04T01:37:14.680Z,1.0.0,2
2023-02-04T01:37:14.680Z,1.3.1,16
2023-02-04T01:37:14.680Z,1.6.0,9081
2023-02-04T01:37:14.680Z,1.3.0,4
2023-02-04T01:37:14.680Z,1.4.0,178
2023-02-04T01:37:14.680Z,1.0.2,1
2023-02-04T01:37:14.680Z,1.5.0,753
2023-02-04T01:37:14.680Z,1.1.1,1
2023-02-04T01:37:14.680Z,1.2.1,1
2023-02-04T01:37:14.680Z,1.0.3,3
2023-02-04T01:37:14.680Z,1.3.2,8
2023-02-04T01:37:14.680Z,1.1.0,61
2023-02-04T01:37:14.680Z,1.0.1,836
2023-02-05T01:46:21.483Z,1.3.0,4
2023-02-05T01:46:21.483Z,1.4.0,167
2023-02-05T01:46:21.483Z,1.0.3,3
2023-02-05T01:46:21.483Z,1.2.1,1
2023-02-05T01:46:21.483Z,1.6.0,8970
2023-02-05T01:46:21.483Z,1.1.2,2
2023-02-05T01:46:21.483Z,0.0.1,37
2023-02-05T01:46:21.483Z,1.5.0,546
2023-02-05T01:46:21.483Z,1.1.0,64
2023-02-05T01:46:21.483Z,1.2.2,4
2023-02-05T01:46:21.483Z,1.2.0,2
2023-02-05T01:46:21.483Z,1.1.1,1
2023-02-05T01:46:21.483Z,1.3.2,8
2023-02-05T01:46:21.483Z,1.0.0,2
2023-02-05T01:46:21.483Z,1.0.1,859
2023-02-05T01:46:21.483Z,1.0.2,1
2023-02-05T01:46:21.483Z,1.3.1,17
2023-02-06T01:36:52.160Z,1.0.1,862
2023-02-06T01:36:52.160Z,1.4.0,170
2023-02-06T01:36:52.160Z,1.5.0,519
2023-02-06T01:36:52.160Z,1.0.0,2
2023-02-06T01:36:52.160Z,1.0.3,3
2023-02-06T01:36:52.160Z,1.0.2,1
2023-02-06T01:36:52.160Z,1.6.0,8780
2023-02-06T01:36:52.160Z,1.3.1,17
2023-02-06T01:36:52.160Z,1.3.0,6
2023-02-06T01:36:52.160Z,1.1.2,2
2023-02-06T01:36:52.160Z,1.1.0,54
2023-02-06T01:36:52.160Z,0.0.1,36
2023-02-06T01:36:52.160Z,1.2.0,2
2023-02-06T01:36:52.160Z,1.1.1,1
2023-02-06T01:36:52.160Z,1.3.2,6
2023-02-06T01:36:52.160Z,1.2.1,1
2023-02-06T01:36:52.160Z,1.2.2,4
2023-02-07T01:38:00.083Z,1.6.0,8722
2023-02-07T01:38:00.083Z,1.3.1,17
2023-02-07T01:38:00.083Z,1.5.0,519
2023-02-07T01:38:00.083Z,1.0.2,2
2023-02-07T01:38:00.083Z,0.0.1,36
2023-02-07T01:38:00.083Z,1.4.0,167
2023-02-07T01:38:00.083Z,1.1.0,60
2023-02-07T01:38:00.083Z,1.3.0,6
2023-02-07T01:38:00.083Z,1.0.1,869
2023-02-07T01:38:00.083Z,1.1.2,2
2023-02-07T01:38:00.083Z,1.3.2,38
2023-02-07T01:38:00.083Z,1.2.0,2
2023-02-07T01:38:00.083Z,1.2.2,4
2023-02-07T01:38:00.083Z,1.0.0,2
2023-02-07T01:38:00.083Z,1.1.1,1
2023-02-07T01:38:00.083Z,1.0.3,3
2023-02-07T01:38:00.083Z,1.2.1,1
2023-02-08T01:42:03.962Z,1.4.0,157
2023-02-08T01:42:03.962Z,1.6.0,8759
2023-02-08T01:42:03.962Z,1.5.0,495
2023-02-08T01:42:03.962Z,1.0.0,2
2023-02-08T01:42:03.962Z,0.0.1,33
2023-02-08T01:42:03.962Z,1.0.1,787
2023-02-08T01:42:03.962Z,1.3.0,4
2023-02-08T01:42:03.962Z,1.1.1,1
2023-02-08T01:42:03.962Z,1.3.2,59
2023-02-08T01:42:03.962Z,1.2.2,2
2023-02-08T01:42:03.962Z,1.1.2,2
2023-02-08T01:42:03.962Z,1.2.0,2
2023-02-08T01:42:03.962Z,1.0.2,2
2023-02-08T01:42:03.962Z,1.3.1,14
2023-02-08T01:42:03.962Z,1.1.0,58
2023-02-08T01:42:03.962Z,1.0.3,2
2023-02-08T01:42:03.962Z,1.2.1,1
2023-02-09T01:41:08.539Z,1.0.1,699
2023-02-09T01:41:08.539Z,1.0.0,2
2023-02-09T01:41:08.539Z,1.6.0,8004
2023-02-09T01:41:08.539Z,1.3.0,4
2023-02-09T01:41:08.539Z,1.5.0,302
2023-02-09T01:41:08.539Z,1.1.0,58
2023-02-09T01:41:08.539Z,1.3.2,59
2023-02-09T01:41:08.539Z,1.0.2,2
2023-02-09T01:41:08.539Z,0.0.1,40
2023-02-09T01:41:08.539Z,1.4.0,102
2023-02-09T01:41:08.539Z,1.3.1,13
2023-02-09T01:41:08.539Z,1.2.0,2
2023-02-09T01:41:08.539Z,1.0.3,2
2023-02-09T01:41:08.539Z,1.1.1,1
2023-02-09T01:41:08.539Z,1.1.2,2
2023-02-09T01:41:08.539Z,1.2.1,1
2023-02-09T01:41:08.539Z,1.2.2,2
2023-02-10T01:46:41.617Z,1.0.1,645
2023-02-10T01:46:41.617Z,0.0.1,33
2023-02-10T01:46:41.617Z,1.6.0,7652
2023-02-10T01:46:41.617Z,1.1.0,58
2023-02-10T01:46:41.617Z,1.4.0,78
2023-02-10T01:46:41.617Z,1.3.2,57
2023-02-10T01:46:41.617Z,1.5.0,185
2023-02-10T01:46:41.617Z,1.3.0,2
2023-02-10T01:46:41.617Z,1.3.1,5
2023-02-10T01:46:41.617Z,1.0.2,1
2023-02-10T01:46:41.617Z,1.2.0,1
2023-02-10T01:46:41.617Z,1.0.0,1
2023-02-11T01:34:58.220Z,1.0.1,475
2023-02-11T01:34:58.220Z,1.1.0,40
2023-02-11T01:34:58.220Z,1.0.2,1
2023-02-11T01:34:58.220Z,1.3.2,57
2023-02-11T01:34:58.220Z,1.5.0,174
2023-02-11T01:34:58.220Z,1.4.0,56
2023-02-11T01:34:58.220Z,1.3.0,2
2023-02-11T01:34:58.220Z,1.6.0,6476
2023-02-11T01:34:58.220Z,0.0.1,25
2023-02-11T01:34:58.220Z,1.2.0,1
2023-02-11T01:34:58.220Z,1.3.1,1
2023-02-12T01:43:57.016Z,0.0.1,23
2023-02-12T01:43:57.016Z,1.1.0,38
2023-02-12T01:43:57.016Z,1.5.0,105
2023-02-12T01:43:57.016Z,1.0.1,412
2023-02-12T01:43:57.016Z,1.4.0,53
2023-02-12T01:43:57.016Z,1.6.0,6648
2023-02-12T01:43:57.016Z,1.3.2,60
2023-02-12T01:43:57.016Z,1.3.0,2
2023-02-12T01:43:57.016Z,1.0.2,1